asin,title_ja,accounts,account_count,matched_categories,matched_keywords
B000K82WFI,大塚製薬 ポカリスエット 500ml×24本,"base_account_1,base_account_2",2,medical,薬
B0015R7EVU,【第3類医薬品】アリナミンEXプラス 270錠,"base_account_1,base_account_2",2,medical,"医薬品, 薬"
B00188U8Q4,ゴールドジム(GOLD'S GYM) マルチビタミン&ミネラル 360粒,"base_account_1,base_account_2",2,"child, medical","ロリ, サプリメント"
B0019GXU4M,Del Monte デルモンテ 食塩無添加トマトジュース900g×12【.co.jp限定】,"base_account_1,base_account_2",2,child,ロリ
B0093FWYNE,アミノバイタル 味の素 GOLD グレープフルーツ味 粉末 30本入箱 アミノ酸 4000mg BCAA EAA コンディショニング,"base_account_1,base_account_2",2,medical,サプリメント
B00CD278N0,Nutro ナチュラルチョイス 成猫用 室内猫用 アダルト チキン 2kg ドライフード 総合栄養食 1歳以上 キャットフード 猫 厳選自然素材 下部尿路の健康維持 香料・着色料 無添加 ニュートロ,"base_account_1,base_account_2",2,adult,アダルト
B00CWXQX90,Pixio PX248 Wave Black ゲーミングモニター 23.8インチ 200Hz FHD スピーカー内蔵 2年保証 30日間返品保証,"base_account_1,base_account_2",2,adult,AV
B00CWXR15K,Pixio PX248 Wave White ゲーミングモニター 白 ホワイト 23.8インチ 200Hz FHD スピーカー内蔵 2年保証 30日間返品保証,"base_account_1,base_account_2",2,adult,AV
B00CWXR5FG,Pixio PX248 Wave Pastel Blue ゲーミングモニター パステルブルー 23.8インチ 200Hz FHD スピーカー内蔵 2年保証 30日間返品保証,"base_account_1,base_account_2",2,adult,AV
B00CWXRI44,Pixio PS1S Wave Black モニターアーム シングル 黒 ブラック 大型 上下 左右 32インチ 24インチ 27インチ,"base_account_1,base_account_2",2,adult,AV
B00CWXRK3S,Pixio PS1S Wave White モニターアーム 白 ホワイト シングル 大型 上下 左右 32インチ 24インチ 27インチ パステルカラー,"base_account_1,base_account_2",2,adult,AV
B00CWXRT98,Pixio PX278 WAVE White ゲーミングモニター 27インチ 180Hz WQHD ホワイト 白 かわいい,"base_account_1,base_account_2",2,adult,AV
B00ENWQYNS,秋田県産 あきたこまち 無洗米 5kg,"base_account_1,base_account_2",2,child,ロリ
B00EPYB8LC,神明 【精米】 北海道産 白米 ゆめぴりか 5kg 令和6年産,"base_account_1,base_account_2",2,child,ロリ
B00I4NW6WK,ディアナチュラ ストロング39アミノ マルチビタミン&ミネラル 300粒 (100日分) アサヒ サプリ Dear-Natura 国内工場で生産,"base_account_1,base_account_2",2,child,ロリ
B00IEA4OSW,ザバス(SAVAS) アクアホエイプロテイン100 グレープフルーツ風味 [WPI] 800g 明治,"base_account_1,base_account_2",2,"adult, child","AV, ロリ"
B00IOC1SDE,エプソン 純正 インクカートリッジ 地球儀 IC4CL76 4色パック 大容量 イエロー、シアン、ブラック、マゼンタ,"base_account_1,base_account_2",2,adult,エロ
B00J7C1YPW,カゴメ トマトジュース 食塩無添加 720mlペットボトル×15本(機能性表示食品 リコピン GABA 血圧 善玉コレステロール),"base_account_1,base_account_2",2,child,ロリ
B00J7JY3D0,[トクホ] コカ・コーラ からだすこやか茶W 350mlPET×24本,"base_account_1,base_account_2",2,child,ロリ
B00JWK5ILK,森永 E赤ちゃん エコらくパック つめかえ用 800g(400g×2袋) [0ヶ月~1歳 入れかえタイプ 粉ミルク ラクトフェリン 3種類のオリゴ糖],"base_account_1,base_account_2",2,child,ロリ
B00JXMUR2W,Maison Margiela(メゾン マルジェラ) メゾンマルジェラ レプリカ レイジーサンデーモーニング オードトワレ 100mL,"base_account_1,base_account_2",2,counterfeit,レプリカ
B00LO88NSI,ザバス(SAVAS) ジュニアプロテイン マスカット風味 700g 明治 カルシウム ビタミン,"base_account_1,base_account_2",2,"adult, child","AV, ロリ"
B00U7F8ASM,[トクホ] サントリー 黒烏龍茶 350mlPET×24本 まとめ売り実施中,"base_account_1,base_account_2",2,child,ロリ
B00YC3LYK6,会津産 無洗米 コシヒカリ 10kg,"base_account_1,base_account_2",2,child,ロリ
B00YC3M1K8,会津産 無洗 精米 コシヒカリ 5kg,"base_account_1,base_account_2",2,child,ロリ
B01BL6H9YG,栃木県産 無洗米 コシヒカリ 5kg (580.com),"base_account_1,base_account_2",2,child,ロリ
B01CCU8XRW,LOHAStyle(ロハスタイル) 難消化性デキストリン 顆粒 2kg 水溶性食物繊維 サラッと溶ける フランス産 無添加 とうもろこし 天然由来 ファイバー,"base_account_1,base_account_2",2,medical,サプリメント
B01CUAB1CS,"ボディウイング ホエイプロテイン (3kg, 無添加ナチュラル)","base_account_1,base_account_2",2,child,ロリ
B01FRT7D4E,ビーレジェンド ホエイ プロテイン ベリベリベリー風味 ベリー ミックスベリー WPC ビタミン 国内製造 1kg,"base_account_1,base_account_2",2,medical,"医薬品, 薬"
B01I159SS0,ワンデー アキュビュー オアシス 【BC】9.0【PWR】-4.25 90枚入,"base_account_1,base_account_2",2,medical,医療機器
B01I159ZGA,ワンデー アキュビュー オアシス 【BC】9.0【PWR】-5.00 90枚入,"base_account_1,base_account_2",2,medical,医療機器
B01I15A4EW,ワンデー アキュビュー オアシス 【BC】9.0【PWR】-5.50 90枚入,"base_account_1,base_account_2",2,medical,医療機器
B01I15A79O,ワンデー アキュビュー オアシス 【BC】9.0【PWR】-5.75 90枚入,"base_account_1,base_account_2",2,medical,医療機器
B01LZ8NKWT,パールライス 新潟県産 無洗米 コシヒカリ 5kg,"base_account_1,base_account_2",2,child,ロリ
B01MUAHEF1,パックご飯 新潟県産こしひかり 200g×20個(白米) 特別栽培米,"base_account_1,base_account_2",2,child,ロリ
B01MUE9X2K,[トクホ] コカ・コーラ プラス 470mlPET×24本,"base_account_1,base_account_2",2,child,ロリ
B01MY65DYF,エクスプロージョン プロテイン 3kg ホエイプロテイン ストロベリー味 WPC X-PLOSION 日本製造,"base_account_1,base_account_2",2,medical,薬
B01MZAODGO,【brother純正】 ブラザー工業(Brother Industries) インクカートリッジ4色パック(大容量) LC3119-4PK 対応型番:MFC-J6983CDW、MFC-J6583CDW、MFC-J5630CDW 他,"base_account_1,base_account_2",2,adult,エロ
B01N209M13,エクスプロージョン プロテイン 3kg ホエイプロテイン プレーン味 WPC X-PLOSION 日本製造,"base_account_1,base_account_2",2,medical,薬
B06XG1BP5P,ヒルズ サイエンスダイエット 大型犬用 アダルト 1～5歳 チキン 12kg 成犬用 ドライ 大容量 大袋,"base_account_1,base_account_2",2,adult,アダルト
B06XJRVYGH,オムロン 温熱低周波治療器 HV-F312,"base_account_1,base_account_2",2,medical,医療機器
B06XJVXMZR,サントリー コーヒー クラフトボス 無糖ブラック 500ml×24本,"base_account_1,base_account_2",2,child,ロリ
B071NBL58F,【第3類医薬品】ザ・ガードコーワ整腸錠α3+ 550錠,"base_account_1,base_account_2",2,medical,"医薬品, 薬"
B0725VT87X,[トクホ]サントリー 伊右衛門 特茶 ジャスミン お茶 500ml×24本,"base_account_1,base_account_2",2,child,ロリ
B072R1VQZV,【やさしいアロマの香り】アロベビー ミルクローション ベビーローション 380ml 100%天然由来 オーガニック 無添加 新生児 保湿 コスモスオーガニック認証,"base_account_1,base_account_2",2,medical,薬
B07574QXCS,キヤノン Canon 純正 インクカートリッジ BCI-381(BK/C/M/Y)+380 5色マルチパック BCI-381+380/5MP 長さ:5.3cm 幅:13.9cm 高さ:10.75cm,"base_account_1,base_account_2",2,adult,エロ
B0757G5FQF,キヤノン Canon 純正 インクカートリッジ BCI-381(BK/C/M/Y/GY)+380 6色マルチパック BCI-381+380/6MP,"base_account_1,base_account_2",2,adult,エロ
B075F41D8Q,エクスプロージョン プロテイン 3kg ホエイプロテイン フルーツオレ味 WPC X-PLOSION 日本製造,"base_account_1,base_account_2",2,medical,薬
B076BTGL1Z,コミネ(KOMINE) バイク用 エレクトリックライニングベストUSB ブラック free EK-101 1125 秋冬春向け 電熱,"base_account_1,base_account_2",2,vehicles,バイク
B076DV7VCH,Nutro ワイルドレシピ 成猫用 グレインフリー アダルト チキン 2kg ドライフード 総合栄養食 キャットフード 猫 穀物フリー 高タンパク 厳選自然素材 香料・着色料 無添加 ニュートロ,"base_account_1,base_account_2",2,adult,アダルト
B077H1MXVV,BARTH 中性重炭酸 入浴剤 90錠 (30回分) 発汗 ギフト プレゼント 大容量 医薬部外品,"base_account_1,base_account_2",2,medical,薬
B077PQKMYQ,玄米 北海道産 ななつぼし 農薬節減米 5kg (Happy Belly) 令和6年産,"base_account_1,base_account_2",2,medical,薬
B078BMDCD6,【精米】 無洗米 北海道産 農薬節減米 ななつぼし 5kg (Happy Belly) 令和6年産,"base_account_1,base_account_2",2,medical,薬
B078WN8ZYV,エクスプロージョン プロテイン 3kg ホエイプロテイン ブルーベリー味 WPC X-PLOSION 日本製造,"base_account_1,base_account_2",2,medical,薬
B079ZP5M19,Nutro ナチュラルチョイス 超小型犬~小型犬用 減量用 成犬用 チキン&玄米 3kg ドライフード 小粒 総合栄養食 ドッグフード 犬 自然素材 香料・着色料 無添加 ニュートロ,"base_account_1,base_account_2",2,child,ロリ
B07DR936VQ,LX-B4FM インカム 10riders 10人同時通話バイク インカム 音楽共有 FMラジオ付きbluetooth インターコム インカムバイク Siri/S-voice IP67防水ヘルメット用スピーカー 無線機バイク 2種類マイク15H長時間通話 モーターサイクル春 花見 日本語音声説明書付き 認証済み,"base_account_1,base_account_2",2,vehicles,バイク
B07DRQRF4Y,カゴメ つぶより野菜 野菜ジュース 30本,"base_account_1,base_account_2",2,child,ロリ
B07FNC32Y4,エクスプロージョン プロテイン 3kg ホエイプロテイン ブラッドオレンジ味 WPC X-PLOSION 日本製造,"base_account_1,base_account_2",2,medical,薬
B07FNF21W6,エクスプロージョン プロテイン 3kg ホエイプロテイン 抹茶オレ味 WPC X-PLOSION 日本製造,"base_account_1,base_account_2",2,medical,薬
B07FT7STBD,【第1類医薬品】スカルプD メディカルミノキ5 60mL,"base_account_1,base_account_2",2,medical,"医薬品, 薬"
B07H97F3C9,チョコレート効果 明治 カカオ72%大容量ボックス 1kg,"base_account_1,base_account_2",2,child,ロリ
B07H985PP5,チョコレート効果 明治 カカオ95%大容量ボックス 800g,"base_account_1,base_account_2",2,child,ロリ
B07JP6NV2R,パールライス 青森県産 白米 青天の霹靂 5kg,"base_account_1,base_account_2",2,child,ロリ
B07KWZ4ZSD,【精米】北海道産 無洗米 ゆめぴりか 5kg 農薬節減米 (Happy Belly) 令和6年産,"base_account_1,base_account_2",2,medical,薬
B07MDFP5CY,【アールグレイ＆アーバンウッドの香り】 HAN.d Siro jam シロジャム （ 高保湿 薬用 ハンドクリーム / 25g 約1ヶ月 瓶タイプ ） ハンドケア エイジングケア 手元美容 ハンドジェル （ ナイアシンアミド コラーゲン セラミド オーガニックオイル ） ギフト プレゼント 医薬部外品,"base_account_1,base_account_2",2,medical,薬
B07PTRRVD3,ピュリナ ワン キャットフード 避妊・去勢した猫の体重ケア 子ねこから全ての年齢に ターキー 4.4kg(440g×10袋入) 【.co.jp限定】,"base_account_1,base_account_2",2,child,ロリ
B07PXSFZRS,サントリー GREEN DA・KA・RA(グリーンダカラ) やさしい麦茶 濃縮タイプ ノンカフェイン 180ｇ×30本,"base_account_1,base_account_2",2,child,ロリ
B07QQ7257R,[機能性表示食品] サントリー 伊右衛門プラス コレステロール対策 お茶 500ml ×24本 まとめ売り実施中,"base_account_1,base_account_2",2,child,ロリ
B07QZ5F3FL,からだを想う オールフリー ノンアルコール ビール 350ml 24本,"base_account_1,base_account_2",2,child,ロリ
B07V23BMGD,キリン カラダFREE 350ml×24本ノンアルコール,"base_account_1,base_account_2",2,child,ロリ
B07VCHKRVC,【任天堂純正品】Joy-Con(L) ブルー/(R) ネオンイエロー,"base_account_1,base_account_2",2,adult,エロ
B07VJDW2BR,エプソン 純正 インクカートリッジ サツマイモ SAT-6CL 6色パック,"base_account_1,base_account_2",2,adult,エロ
B07VKB4TV3,エプソン 純正 インクボトル ケンダマ・タケトンボ KETA-5CL 5色パック 使い切りサイズ,"base_account_1,base_account_2",2,adult,エロ
B07WHK39HN,コカ・コーラ 紅茶花伝 ロイヤルミルクティー 440mlPET ×24本,"base_account_1,base_account_2",2,child,ロリ
B07WRNQQRW,アミノバイタル 味の素 プロ グレープフルーツ味 120本入箱 アミノ酸 3800mg BCAA EAA コンディショニング,"base_account_1,base_account_2",2,medical,サプリメント
B07WXWHN68,アミノバイタル 味の素 プロ グレープフルーツ味 顆粒 アミノ酸 3800mg BCAA EAA コンディショニング 30個(x 1),"base_account_1,base_account_2",2,medical,サプリメント
B07YZ94RLR,[指定医薬部外品] 栄養ドリンク リオパミン3000 100ml x 50本 (SOLIMO),"base_account_1,base_account_2",2,medical,薬
B07ZK8VZMG,オムロン 上腕式血圧計 プレミアム19シリーズ HCR-7502T,"base_account_1,base_account_2",2,medical,"医療機器, 血圧計"
B07ZVL1D9F,オムロン 上腕式血圧計 スタンダード19シリーズ HCR-7104,"base_account_1,base_account_2",2,medical,"医療機器, 血圧計"
B0822DTD7V,【3個】参天製薬 サンテルタックス20V 90粒x3個 (旧ビタミン＆ミネラル)(4987084310460-3),"base_account_1,base_account_2",2,medical,"医薬品, 薬"
B0822DVKDC,【第3類医薬品】トランシーノ ホワイトCクリア 240錠,"base_account_1,base_account_2",2,medical,"医薬品, 薬"
B0847QT3WH,【国内正規品】ON Gold Standard 100% ホエイプロテイン ダブルリッチチョコレート 主原料WPI 2.27kg(5lb) 「ボトルタイプ」 (Optimum Nutrition),"base_account_1,base_account_2",2,counterfeit,模造品
B0847R1H3Y,【国内正規品】ON Gold Standard 100% ホエイプロテイン ダブルリッチチョコレート 主原料WPI 907g(2lb) 「ボトルタイプ」 オプティマムニュートリション(Optimum Nutrition),"base_account_1,base_account_2",2,counterfeit,模造品
B085219TQZ,【指定医薬部外品】新ビオフェルミンSプラス錠 360錠 40日分 大正製薬 整腸剤 [乳酸菌/ビフィズス菌/ロンガム菌/フェーカリス菌/アシドフィルス菌 配合] 腸内フローラ改善 便秘や軟便に,"base_account_1,base_account_2",2,medical,薬
B0857QZPG8,【第1類医薬品】アロゲイン5 60mL,"base_account_1,base_account_2",2,medical,"医薬品, 薬"
B086GGFNQ2,グロング クレアチン モノハイドレート パウダー 1kg 200食分 人工甘味料不使用 甘味料不使用 creatine monohydrate サプリ 高純度99.9%,"base_account_1,base_account_2",2,medical,サプリメント
B0876KG2KQ,BI-SU アナツバメの巣 エキス ゼリー ｜ 美容成分 コラーゲン ビタミンc 含 サプリメント 1箱30本入り（パイナップル）,"base_account_1,base_account_2",2,medical,サプリメント
B087LRGTND,エクスプロージョン プロテイン 3kg ホエイプロテイン キャラメルホワイトチョコ味 WPC X-PLOSION 日本製造,"base_account_1,base_account_2",2,medical,薬
B089NCJZPM,【公式】 エレビット 葉酸 サプリ 90粒×2袋 60日分【妊活～妊娠】ビタミン ミネラル 鉄 分 カルシウム マルチビタミン 2ヶ月 パウチ バイエル薬品 紅麹 不使用,"base_account_1,base_account_2",2,medical,"薬, サプリメント"
B089W4Z1X7,オムロン 上腕式血圧計 スタンダード19シリーズ HCR-7106,"base_account_1,base_account_2",2,medical,"医療機器, 血圧計"
B08CTKM9DT,ちぼじ【抗菌】鼻水吸引器 正規品 進化した楽々レバー 簡単よく取れる 鼻吸い器 【台湾発明特許商品】日本限定版 鼻吸い 赤ちゃん 知母時 plus,"base_account_1,base_account_2",2,medical,"医薬品, 薬"
B08G19CTTG,HMB クレアチン モノハイドレート 151500mg ハルクファクター 450粒 国内製造 筋トレ ダイエット サプリ 錠剤 大容量 タブレット,"base_account_1,base_account_2",2,medical,サプリメント
B08JZ86QKV,ヒルズ プリスクリプションダイエット ドッグフード ドライ c/d マルチケア + メタボリックス 小粒 チキン入り 尿ケア + 体重管理 犬用 特別療法食 3kg,"base_account_1,base_account_2",2,child,ロリ
B08MZPFCSB,ファンケル (FANCL) 大人のカロリミット 90回分 (30回分×3袋) [機能性表示食品] ご案内手紙つき サプリメント (ダイエットサポート/脂肪消費/糖/脂肪) 吸収を抑える,"base_account_1,base_account_2",2,"child, medical","ロリ, サプリメント"
B08PCLLHBL,【医薬部外品】 ポーラ リンクルショット メディカル セラム N (美容液/シワケア) 20g,"base_account_1,base_account_2",2,medical,薬
B092D322HR,Levoit (レボイト) 空気清浄機 進級スマートモデル Core 300S 20畳 静音 自動運転 除臭 ハウスダスト 小型 花粉モード 卓上 強力 ホワイト,"base_account_1,base_account_2",2,tobacco,タバコ
B092PK1XLK,グルタミン 1kg 低臭製法 パウダー ハルクファクター L-グルタミン 100% 無添加 サプリ,"base_account_1,base_account_2",2,medical,サプリメント
B0956B82LS,【第1類医薬品】リアップX5プラスネオ(通販限定パッケージ) 60mL,"base_account_1,base_account_2",2,medical,"医薬品, 薬"
B096D6B8WR,ロートV5 【公式】ロートV5 アクトビジョン 大容量62粒(2か月分) ルテイン ゼアキサンチン 機能性表示食品(視力 視界 ぼやけ・かすみ ブルーライト),"base_account_1,base_account_2",2,medical,サプリメント
B098X6PNN6,BASE LAB. 約100本入 プロテインバー ビターチョコ 糖質控えめ タンパク質 ダイエットスナック 2.2kg,"base_account_1,base_account_2",2,child,ロリ
B099N4N3SY,【第1類医薬品】リアップX5プラスネオ(通販限定パッケージ) 60mL×4,"base_account_1,base_account_2",2,medical,"医薬品, 薬"
B09FDX1T82,【節電対策】Levoit (レボイト) 空気清浄機 小型 12畳 脱臭 卓上 軽量 集じん ペット 花粉 hepa フィルター 静音 ミニ アロマ対応 Core Mini ホワイト,"base_account_1,base_account_2",2,tobacco,"たばこ, タバコ"
B09FPLRS66,セガトイズ ディズニー&ピクサーキャラクターズ Dream Switch2 (ドリームスイッチ2),"base_account_1,base_account_2",2,adult,AV
B09GTV616T,クレアチン モノハイドレート 1000000mg ハルクファクター 1kg 200食分 ピュア パウダー 無添加,"base_account_1,base_account_2",2,medical,サプリメント
B09JS7R48N,カゴメ トマトジュース 食塩無添加 200ml紙パック×30本(毎日1本30日分 機能性表示食品 リコピン GABA 血圧 善玉コレステロール)【.co.jp限定】,"base_account_1,base_account_2",2,child,ロリ
B09KQ1KRP8,サントリー ロコモア 膝 サプリ グルコサミン コンドロイチン サプリメント (360粒入/約60日分),"base_account_1,base_account_2",2,medical,サプリメント
B09PTN2GR8,ニューモ ファーマフーズ 3年連続世界一の育毛剤 シリアルナンバー付 医薬部外品 75ml 1本 男性用 女性用 発毛促進 28種の頭皮ケア保護成分 無添加 抜け毛予防 脱毛予防 薄毛対策 頭皮トリートメント 頭皮保護成分 HGP配合,"base_account_1,base_account_2",2,medical,薬
B09Q8SFVPY,【第2類医薬品】アレジオン20 48錠,"base_account_1,base_account_2",2,medical,"医薬品, 薬"
B09RSZ2FTC,【毛髪診断士(R)と共同開発】 チャップアップ 医薬部外品 120mL×1 ヘアトニック 育毛剤 男性用 女性用 育毛 トニック 発毛促進 頭皮にやさしい 無添加 頭皮ケア スカルプ 薬用 メンズ 育毛ローション (CHAPUP) [説明書付],"base_account_1,base_account_2",2,medical,薬
B09RT5WKMD,【汚れが見える マウスウォッシュ 】 ブレスマイル（BRESMILE） 口臭ケア ホワイトニング 歯 口臭対策 口臭 ブレスマイルウォッシュ 270ｍL×1袋,"base_account_1,base_account_2",2,"child, tobacco, medical","ロリ, タバコ, 薬"
B09S2VG2ZX,ピュリナ ワンキャット 室内飼い猫用 インドアキャット チキン 4.4ｋｇ(440g×10袋入)【.co.jp限定】,"base_account_1,base_account_2",2,child,ロリ
B09S35B34W,ピュリナワンキャット 避妊・去勢した猫の体重ケア チキン 4.4ｋｇ(440g×10袋入)【.co.jp限定】,"base_account_1,base_account_2",2,child,ロリ
B09S3G9NGJ,ピュリナ ワン キャット 室内飼い猫用 インドアキャット サーモン&ツナ 4.4ｋｇ(440g×10袋入) 【.co.jp限定】,"base_account_1,base_account_2",2,child,ロリ
B09SV8RG3Y,NMN サプリメント 18000㎎ （1粒に200㎎）日本製 酵母発酵 高純度99%以上 ビタミンB3 クロレラ ユーグレナ (ミドリムシ) ローヤルゼリー 90カプセル 二酸化チタン不使用 国内GMP認定工場 ビクトリーロード,"base_account_1,base_account_2",2,medical,サプリメント
B09SZFHL8G,PANP RIDE 空気入れ 自転車 車 バイク ボール 電動 【安さより品質で選ぶ人へ】 米式 英式 仏式 すべてのタイヤ対応 日本 メーカー保証2年,"base_account_1,base_account_2",2,vehicles,"自動車, バイク"
B09T2ZZCRZ,[ecoofee] ビジネスリュック メンズ 防水 15.6インチ PCリュック 止水ファスナー 軽量 リックサックメンズ 大容量 A4収納可 通勤 バックパック 薄型 高校生 通学 出張 旅行 黒 防災 男女兼用 黒,"base_account_1,base_account_2",2,vehicles,バイク
B09W264LX5,エビオス錠 3000錠 【指定医薬部外品】エビオス 胃腸・栄養補給薬 750錠×4袋,"base_account_1,base_account_2",2,medical,薬
B09W5GRH7Q,パナソニック フードプロセッサー 1台7役(きざむ・する・混ぜる・おろす・粗おろし・スライス・千切り) 食洗機対応 離乳食 MK-K82-W,"base_account_1,base_account_2",2,weapons,ナイフ
B09XQHH5K2,【毛髪診断士(R)と共同開発】 チャップアップ 医薬部外品 120mL×3 薬用 育毛剤 男性用 女性用 育毛 トニック 発毛促進 頭皮にやさしい 無添加 頭皮ケア スカルプ ヘアトニック メンズ 育毛ローション (CHAPUP),"base_account_1,base_account_2",2,medical,薬
B09YV1W2CQ,【指定医薬部外品】 大正製薬 リポビタンDX 300錠(100日分) 【.co.jp限定】 疲労回復 体力維持 栄養補給 タウリン・ビタミンB群・グリシン・シゴカ配合,"base_account_1,base_account_2",2,medical,薬
B09YXMQ5D4,ニューモ ファーマフーズ 3年連続世界一の育毛剤 シリアルナンバー付 医薬部外品 75ml 2本セット 男性用 女性用 発毛促進 28種の頭皮ケア保護成分 無添加 抜け毛予防 脱毛予防 薄毛対策 頭皮トリートメント 頭皮保護成分 HGP配合,"base_account_1,base_account_2",2,medical,薬
B0B219HC22,【 サンディスク 正規品 】 SanDisk microSD カード 512GB UHS-I U3 V30 書込最大130MB/s Full HD & 4K アクションカメラ Extreme SDSQXAV-512G-GH3MA 簡易デザインパッケージ 無期限保証,"base_account_1,base_account_2",2,adult,AV
B0B2RFBGHF,【毛髪診断士(R)と共同開発】 チャップアップ 医薬部外品 120mL×2 薬用 育毛剤 男性用 女性用 育毛 トニック 発毛促進 頭皮にやさしい 無添加 頭皮ケア スカルプ ヘアトニック メンズ 育毛ローション (CHAPUP),"base_account_1,base_account_2",2,medical,薬
B0B6RCRH22,BESROY コーヒーミル 電動 カッター コーヒーミル 電動コーヒーミル 粉末 コーヒー豆 ひき機 水洗い可能 豆挽き/緑茶/山椒/唐辛子/胡椒/山椒/調味料/穀物を挽く 一台多役 掃除ブラシ付 お手入れ簡単,"base_account_1,base_account_2",2,medical,薬
B0BBVG7H6M,【糖質オフの豆100%麺】 ZENB ゼンブ ヌードル 丸麺 48食 (12袋) そば パスタ ラーメン [ 糖質オフ グルテンフリー 糖質制限 腸活 時の 食物繊維 補給に ダイエット 時の栄養補給に 置き換え たんぱく質 低GI 鉄分 レンジ 調理可 ],"base_account_1,base_account_2",2,adult,ヌード
B0BCHQSDT6,【第1類医薬品】リアップリジェンヌ 60mL,"base_account_1,base_account_2",2,medical,"医薬品, 薬"
B0BDFHK2CS,【大容量】 バブ 厳選4種類の香りセレクトBOX 薬用 56錠 炭酸 入浴剤 詰め合わせ [医薬部外品],"base_account_1,base_account_2",2,"adult, medical","エロ, 薬"
B0BDRRQFW7,スカルプD 育毛剤 薬用育毛トニック 男性用 抜け毛予防 日本製 医薬部外品 180ml,"base_account_1,base_account_2",2,medical,薬
B0BF53NPJ3,髪にドラマを つるりんちょ シャンプー 1000mL サロン専売品 髪質 縮毛 くせ毛 広がり ダ メージ毛 ブリーチ毛,"base_account_1,base_account_2",2,medical,薬
B0BFHVKYRM,スカルプD 育毛剤 薬用育毛トニック 3本セット 男性用 抜け毛予防 日本製 医薬部外品 180ml,"base_account_1,base_account_2",2,medical,薬
B0BGMNG3QM,グッドイヤー(GOODYEAR) スタッドレス 155/65R14 75Q ICE NAVI 8 タイヤのみ・ホイールなし 4本セット 05539810,"base_account_1,base_account_2",2,adult,AV
B0BLRV16YH,【第1類医薬品】スカルプD メディカルミノキ5 プレミアム 60mL,"base_account_1,base_account_2",2,medical,"医薬品, 薬"
B0BMLBCJQ7,【医師推奨】WINZONE（ウィンゾーン）ホエイ プロテイン パーフェクトチョイス 【大容量】3kg プレーン WPC ぷろていん 11種ビタミン 4種ミネラル 日本新薬 国内製造 アスクドクターズ 国際味覚認証,"base_account_1,base_account_2",2,"child, medical","ロリ, 薬, サプリメント"
B0BMTYCLBC,Enelife マキタ 互換 バッテリー 18V シリーズ 長寿命電池搭載 日本メーカー保証 残量表示機能 5億円製造物責任保険付 (高出力/二個セット),"base_account_1,base_account_2",2,adult,R18
B0BP6JB3WY,すっぽん小町 サプリメント 国産すっぽん サプリ 女性 必須アミノ酸 20種類 ビタミンB1 ビタミンB2 鉄分 コラーゲン 亜鉛 DHA EPA 1ヶ月分 62粒 人工防腐剤不使用 頑張る女性に 忙しい毎日に 1袋,"base_account_1,base_account_2",2,medical,サプリメント
B0BPKYK8SM,【医師推奨】ウィンゾーン プロテイン ホエイ リッチチョコ風味 ビタミン11種 ミネラル4種配合 1kg WPC 日本新薬 国内製造,"base_account_1,base_account_2",2,"child, medical","ロリ, 薬, サプリメント"
B0BX2W3C6L,ザバス(SAVAS) シェイプ&ビューティ チョコレート風味 900g 明治,"base_account_1,base_account_2",2,adult,AV
B0BXSGKZPV,SAVAS(ザバス) MILK PROTEIN 脂肪0 チョコレート風味 200ml×24本 たんぱく20g 明治 ミルクプロテイン,"base_account_1,base_account_2",2,adult,AV
B0C3C4GYBX,ザバス(SAVAS) ホエイプロテイン100 バナナ風味 980g 明治,"base_account_1,base_account_2",2,adult,AV
B0C3C69JSC,ザバス(SAVAS) ホエイプロテイン100 ビターショコラ風味 980g 人工甘味料不使用 明治 NEXT BODY 【.co.jp限定】,"base_account_1,base_account_2",2,adult,AV
B0C3H326RC,P3 NMN ヒカル プロデュース サプリ9000mg (1包300mg) 高純度99.9% サプリメント 日本製 亜鉛ストロング マルチビタミン アミノ酸 ミネラル DHA EPA L-シスチン α-リポ酸 54種類 美容成分 高配合 (30日分),"base_account_1,base_account_2",2,medical,サプリメント
B0C4K3X4XS,TOSHIBA(東芝) オーブンレンジ 18L ER-X18(W) ホワイト 250℃ 1段調理 フラットテーブル 電子レンジ microwave 温度センサー トースト機能付き 簡単お手入れ 小型 一人暮らし 新生活 新社会人 入学・入園,"base_account_1,base_account_2",2,adult,AV
B0C59FDM95,ハナノア 【まとめ買い】 鼻うがい 専用洗浄液 レギュラータイプ花粉 や 鼻炎 などの 鼻詰まり に! 鼻洗浄 500ｍｌ(鼻洗浄器具なし) ×5個 小林製薬 【.co.jp限定】,"base_account_1,base_account_2",2,medical,薬
B0CCN3RM36,山崎実業(Yamazaki) 折り畳み 室内物干し ブラック 使用時：約W175×D25×H160cm タワー tower 洗濯物干し コンパクトに収納できる 組み立て簡単 6620,"base_account_1,base_account_2",2,counterfeit,コピー品
B0CCN3YK8K,山崎実業(Yamazaki) 折り畳み 室内物干し ホワイト 使用時：約W175×D25×H160cm タワー tower 洗濯物干し コンパクトに収納できる 組み立て簡単 6619,"base_account_1,base_account_2",2,counterfeit,コピー品
B0CCN7KN1M,【.co.jp限定】伊藤園 ビタミン野菜 30日分BOX (紙パック) 200ml×30本,"base_account_1,base_account_2",2,child,ロリ
B0CDWQS6NW,"【.co.jp限定】Elgato Stream Deck +, オーディオミキサー, コンテンツクリエイターのためのライブ制作とスタジオコントローラー, ストリーミング, 配信, ゲーミング, カスタム可能なタッチストリップとダイヤルおよびLCDキー搭載, Mac/PC対応","base_account_1,base_account_2",2,"drugs, adult","ドラッグ, AV"
B0CGL3NC4S,ザバス(SAVAS) ソイプロテイン100 カフェラテ風味 900g 明治,"base_account_1,base_account_2",2,adult,AV
B0CHXYCN51,【九州大学博士監修】NIPLUX アイウォーマー EMS EYE RELAX 目元エステ ホットアイマスク EMS アイケア 目を温めるグッズ 目元 EMS 折り畳み式 父の日プレゼント,"base_account_1,base_account_2",2,medical,薬
B0CKVL9LLG,【公式】リゲイン トリプルフォースEX 1袋（30日分）[疲労回復 疲れ 脂肪 脂肪燃焼 糖化 リバオール ビオタミン パンテチン 健康 ヘルスケア 指定医薬部外品 ] 60錠,"base_account_1,base_account_2",2,medical,薬
B0CLXWPS2H,BIG RED フロアジャッキ 3t 油圧式 ガレージジャッキ スチール 最低位83mm/最高位463mm デュアルポンプ式 ローダウン 低床 コンパクト タイヤ交換 高耐久 自動車整備 ゴムパッド付き,"base_account_1,base_account_2",2,vehicles,自動車
B0CMPL79XF,エクスプロージョン プロテイン 3kg ホエイプロテイン ヨーグルト味 WPC X-PLOSION 日本製造,"base_account_1,base_account_2",2,medical,薬
B0CPXPKXHS,【.co.jp 限定】アイ・オー・データ IODATA モニター 21.5インチ ブラック ADSパネル 非光沢 省電力 (HDMI/アナログRGB/スピーカー付/VESA対応/土日サポート/日本メーカー/無輝点保証) EX-A221DB,"base_account_1,base_account_2",2,adult,AV
B0CPXQQLL2,【.co.jp 限定】アイ・オー・データ IODATA モニター 23.8インチ ブラック ADSパネル 非光沢 省電力 (HDMI/アナログRGB/スピーカー付/VESA対応/土日サポート/日本メーカー/無輝点保証) EX-A241DB,"base_account_1,base_account_2",2,adult,AV
B0CPXR9F5N,【.co.jp 限定】アイ・オー・データ IODATA モニター 27インチ ブラック ADSパネル 非光沢 省電力 (HDMI/アナログRGB/スピーカー付/VESA対応/土日サポート/日本メーカー/無輝点保証) EX-A271DB,"base_account_1,base_account_2",2,adult,AV
B0CQCKFNJ2,【指定医薬部外品】ラクトロン錠 180錠/30日分 明治薬品 生きて奥まで届ける乳酸菌 整腸 胃腸活 サプリメント 胃もたれ 食欲不振 消化不良 パウチタイプ 紅麹不使用 シリアルナンバー付,"base_account_1,base_account_2",2,medical,"薬, サプリメント"
B0CRTSNM5W,【日本国内販売限定】ネズミ 駆除 超音波 360度死角がない 動物撃退器 PIRセンサー ねずみよけ 屋内 強力 静音 電磁波 有効範囲350平米 LEDライト 無毒無臭 日本語取扱説明書 白,"base_account_1,base_account_2",2,medical,薬
B0CW5YZG67,Levoit (レボイト) 空気清浄機 進級プラズマ付きモデル Core300 Pro 脱臭 集じん 小型 ペット 省エネ 花粉 ハウスダスト 強力 PM2.5 20畳 ホワイト,"base_account_1,base_account_2",2,tobacco,たばこ
B0CW8JK6SY,【.co.jp 限定】ビオスリーHi錠 570錠【指定医薬部外品】整腸剤 [酪酸菌/糖化菌/乳酸菌 配合] 錠剤タイプ [腸内フローラ改善/腸活] 便秘や軟便に,"base_account_1,base_account_2",2,medical,薬
B0CWR9GVYX,Shell シェル ジャンプスターター 10000mAh大容量 ピーク電流800A 12V車用 エンジンスターター 安全保護機能搭載 車緊急始動 モバイルバッテリー LED緊急ライト搭載 PSE認証済 日本語取扱説明書 SSL-SJP011,"base_account_1,base_account_2",2,vehicles,"オートバイ, バイク"
B0CWVJ26Y2,"Kaedear(カエディア) バイク スマホホルダー バイク用スマホホルダー 携帯ホルダー 振動吸収 マウント 付属 スマホ スタンド アルミ製 マウント ハンドル ミラー 原付 オートバイ 自転車 / スマホ厚さ15mmまで, 縦長スマホ, カメラ突き出し,対応/アームロック機構, クイックホールドⅡ/Airアブソーバー KDR-M11CPJ-BK","base_account_1,base_account_2",2,vehicles,"オートバイ, バイク"
B0CXPRP216,"Nothing ワイヤレスイヤホン NOTHING Ear (a) ノイズキャンセリング/ChatGPT対応/Bluetooth / 最大40.5時間使用可能 / 軽量/外音取り込み/ハイレゾ対応 (イエロー), S","base_account_1,base_account_2",2,adult,エロ
B0CZD83FB8,山善 テレビ Wチューナー 液晶 32インチ ハイビジョン QRTN-32W2K,"base_account_1,base_account_2",2,adult,AV
B0CZDQGN6T,山善 テレビ Wチューナー 液晶 40インチ フルハイビジョン QRTN-40W2K,"base_account_1,base_account_2",2,adult,AV
B0D3KRMVMR,Pixio PX278 WAVE Black ゲーミングモニター 27インチ 180Hz WQHDブラック スピーカー内蔵 2年保証,"base_account_1,base_account_2",2,adult,AV
B0D66RTBNV,【無香タイプ】ベビーローション アロベビー ミルクローション ビッグボトル 380ml 3本 100%天然由来 オーガニック 無添加 新生児 保湿 コスモスオーガニック認証,"base_account_1,base_account_2",2,medical,薬
B0D7H3VPQ7,Apple USB-C Digital AV Multiportアダプタ ​​​​​​​,"base_account_1,base_account_2",2,adult,AV
B0D7V9DCJW,ELIXIR エリクシール ザ セラム 50mL つけかえ用 医薬部外品 美容液 トラネキサム酸 ハリ うるおい エイジングケア シュペリエル 資生堂,"base_account_1,base_account_2",2,medical,薬
B0D8RVRMJZ,YT-806 メディラボ(Medi Labo) 【医療機器認証品】フットマッサージャー フットマッサージ機 コンパクト 足つぼ マッサージ フットマッサージ機 足裏マッサージ リッチフット 母の日 父の日 敬老の日 クリスマス ギフト プレゼント 日本製,"base_account_1,base_account_2",2,medical,医療機器
B0D9NSJ9PZ,オムロン 上腕式血圧計 HEM-7140シリーズ HCR-7204T,"base_account_1,base_account_2",2,medical,"医療機器, 血圧計"
B0DB5NBMQW,JESIMAIK バイク インカム R16Pro バイク用インカム 音楽ながら通話 FMラジオ 6人同時通話 デュアルチップ Qualcomm 7mm快適スピーカー ワンタッチ全部ペアリング 通信自動復帰 通信距離1500m IP67防水防塵 音楽共有 日本語音声案内 ENC&DSP&CVCノイズキャンセル HIFI音質 Siri対応 異なるインカム接続 Bluetooth 日本語説明書,"base_account_1,base_account_2",2,"rmt, vehicles","アカウント, バイク"
B0DB5NDVSK,自転車 空気入れ 電動 電動空気入れ バイク 車 用 コードレス 6000mAh 大容量バッテリー 仏/英/米式バルブ対応 自動停止 低騒音 エアポンプ,"base_account_1,base_account_2",2,vehicles,"自動車, バイク"
B0DC6FB2C5,【新登場】 ハンディクリーナー コードレス 強力吸引力【吹き飛ぶ/吸い込む/空気入れ/空気抜き】 多機能車用掃除機 Type-C 急速充電 乾湿両用小型掃除機 ご家庭のホコリ取り/キーボード掃除/車の内装掃除に最適 Svoko LT-136,"base_account_1,base_account_2",2,tobacco,タバコ
B0DDPDZ4M9,ファンケル (FANCL) プレミアムカロリミット 90日分 (30日分×3袋)[機能性表示食品] サプリメント (ダイエットサポート/脂肪/お通じ改善) 高めのBMIを下げる,"base_account_1,base_account_2",2,"child, medical","ロリ, サプリメント"
B0DDWHTH8P,ワタミの宅食ダイレクト いつでも三菜 バランス10食セット 冷凍弁当 惣菜 管理栄養士監修 時短 レンジ 簡単調理 冷凍おかず おかずのみ 宅配弁当 おかずセット 塩分 カロリー 調整 ストック D,"base_account_1,base_account_2",2,child,ロリ
B0DF72MMK9,オムロン 上腕式血圧計 HEM-1026シリーズ HCR-1901T2,"base_account_1,base_account_2",2,medical,"医療機器, 血圧計"
B0DFCLXLJ3,Pixio PS1D Wave Black モニターアーム デュアル 黒 ブラック 2画面 上下 ガススプリング 32インチ 対応,"base_account_1,base_account_2",2,adult,AV
B0DGFTDTJD,ザバス(SAVAS) ソイプロテイン100 ココア味 920g 明治 NEXTBODY【.co.jp限定】,"base_account_1,base_account_2",2,"adult, child","AV, ロリ"
B0DGFV8F6N,ザバス(SAVAS) プロ ウェイトダウン チョコレート風味 820g 明治 NEXTBODY ソイ プロテイン HMB【.co.jp限定】,"base_account_1,base_account_2",2,"adult, child","AV, ロリ"
B0DHL3169M,ANUA(アヌア)PDRNヒアルロン酸カプセル100セラム30ml 美容液 水分保湿 肌キメ ツヤ肌 うるおい pdrn hyaluron serum 高密度美容液 乾燥肌 混合肌 スキンケア【公式・正規品】,"base_account_1,base_account_2",2,medical,薬
B0DHTV7GB3,Nintendo Switch 2 Proコントローラー BIGBIG WON BLITZ2 マクロループ機能・TURBO連射・6軸ジャイロ コントローラー 無線/有線接続 TMR ホールジョイスティック 16個のメカニカルスイッチボタン 0.0005秒超低遅延 2000Hzワイヤレス 1000Hzジャイロ 1000mAhバッテリー アプリ対応 FPSゲーム向け,"base_account_1,base_account_2",2,weapons,武器
B0DJQYXQHH,掃除機 コードレス 65000Pa【業界初 ムードライト登場】 OZURIA コードレス掃除機 自立式 着脱式バッテリー 60分間連続稼働 サイクロン掃除機 軽量 3段吸引力 スティック/ハンディ 2WAY LEDライト ハードフロア/カーペット/カーテン/ソファ/車に適用 家庭用 PSE認証済,"base_account_1,base_account_2",2,rmt,アカウント
B0DM8WXLT5,Sense-U Pro ベビーモニター(長距離版) ベビーセンサー 振動＆アラームの両機能で見守り どこにいても赤ちゃんの体動や睡眠姿勢、体感温度をモニタリング ベビーアラーム スマホ連動 乳児用 体動センサ 寝返り センサー 新生児 出産 祝い プレゼント,"base_account_1,base_account_2",2,rmt,アカウント
B0DMT76C4J,【iFデザイン賞 受賞製品】腰 サポーター 腰 コルセット ヒャユロー 腰ベルト [JIS認証] 骨盤 猫背 姿勢 背筋 くびれ あばら締め【柔道整復師ｘ理学療法士】共同監修 トレーニング 滑車式 誕生日プレゼント 男性 女性 ギフト 母の日 父の日敬 老の日 クリスマス プレゼント健康器具 健康グッズ 「25cmサイズ延長シート」付き [L]胴囲88~98cm,"base_account_1,base_account_2",2,weapons,武器
B0DP217Y4J,【第2類医薬品】アレジオン20 72錠,"base_account_1,base_account_2",2,medical,"医薬品, 薬"
B0DP4T87CH,Novilla マットレス セミダブル 極厚20cm 硬め ポケットコイル 硬さ180N 高反発 32D高密度 独立コイル493個 体圧分散 通気恒温 ベッドマットレス 通気性 寝返りサポート 高級スプリング mattress 静音 底付き感無し 高耐久性 並行配列 圧縮梱包 ホワイト 120×195×20cm,"base_account_1,base_account_2",2,used_clothing,ブルマ
B0DRYMYYDH,【1本で2回吸える】Fasoul Q1 ファソウル 加熱式たばこ互換機 本体｜テリア・センティア対応｜フルスクリーン液晶搭載｜IQOSイルマ互換 (ブラック),"base_account_1,base_account_2",2,tobacco,"たばこ, タバコ, 電子タバコ, IQOS"
B0DT45QJ82,STEADY スピンバイク Plus【Zwift/アプリ連動/静音/組立簡単】 エアロバイク フィットネスバイク 家庭用 ST145(ブラック),"base_account_1,base_account_2",2,vehicles,バイク
B0DT9S8Y8M,【新モデル】 YOLU ヨル シャンプー トリートメント セット 詰め替え 大容量 カームナイトリペア,"base_account_1,base_account_2",2,child,ロリ
B0DTHGD8RV,公式 Lypo-C リポカプセル ビタミンC 28包入 リポC リポソーム ビタミン [1包 ビタミンc 1000mg 国内製造] 液状 サプリ 個包装 1箱 甘味料 着色料 香料 防腐剤 不使用,"base_account_1,base_account_2",2,medical,サプリメント
B0DV97DCHF,オムロン(OMRON)オムロン 手首式血圧計 HEM-6230 シリーズ HEM-6231T,"base_account_1,base_account_2",2,medical,"医療機器, 血圧計"
B0DWDQ5G3P,ごろグラ 日清シスコ 糖質60%オフ きなこ大豆 300g×6袋,"base_account_1,base_account_2",2,child,ロリ
B0DZWYVWBR,Plaud NotePin AI ボイスレコーダー【通常版】AI文字起こし/要約 ウェアラブルAIツール カプセル型 先端LLM活用 ワンタッチ録音 アプリ連動 112言語対応 発言者識別 編集可能 20時間連続使用 音声インポート Bluetooth接続 スマホ/パソコン対応 専用マグネットピン/クリップ付属 軽量 64GB大容量 録音機 小型 議事録/講義ノート/ボイスメモ/会話記録 グレー,"base_account_1,base_account_2",2,rmt,アカウント
B0DZWZBWQK,Plaud NotePin AI ボイスレコーダー【通常版】AI文字起こし/要約 ウェアラブルAIツール カプセル型 先端LLM活用 ワンタッチ録音 アプリ連動 112言語対応 発言者識別 編集可能 20時間連続使用 音声インポート Bluetooth接続 スマホ/パソコン対応 専用マグネットピン/クリップ付属 軽量 64GB大容量 録音機 小型 議事録/講義ノート/ボイスメモ/会話記録 シルバー,"base_account_1,base_account_2",2,rmt,アカウント
B0F1CZG79C,【毎日が特別になる髪へ】bonparme ボンパルム ボン リペア シャンプー トリートメント セット (ボトル) 転売防止No付き うねりケア くせ毛対策 ダメージコントロール 枝毛ケア 毛穴ピーリング 頭皮臭対策,"base_account_1,base_account_2",2,medical,"医薬品, 薬"
B0F5Q8TMLZ,ニューモ 頭皮トリートメント 育毛剤 使用書付き 株式会社ファーマフーズ 医薬部外品 75ml (1本（V）),"base_account_1,base_account_2",2,medical,薬
B0F5W1H52H,BOSCH (ボッシュ) 国産車バッテリー HT-S-120/120D26L Hightec JIS EFB アイドリングストップ車・充電制御車・標準車対応 (HTP-S-95/130D26L 後継モデル),"base_account_1,base_account_2",2,vehicles,自動車
B0F5W4V1KR,BOSCH (ボッシュ) 国産車バッテリー HT-N-75/75B24L Hightec JIS EFB アイドリングストップ車・充電制御車・標準車対応 (HTP-N-55/80B24L 後継モデル),"base_account_1,base_account_2",2,vehicles,自動車
B0F5W7RBYP,BOSCH (ボッシュ) 国産車バッテリー HT-Q-100/100D23L Hightec JIS EFB アイドリングストップ車・充電制御車・標準車対応 (HTP-Q-85/115D23L 後継モデル),"base_account_1,base_account_2",2,vehicles,自動車
B0F5WZF73L,JESIMAIK バイク インカム H6 バイク用インカム QIK-Mesh2.0 音楽ながら通話 6人同時通話 デュアルチップ 磁気取付 FMラジオ 音楽共有 4種効果 25H連続使用 8mm快適スピーカー HIFI音質 通信距離1600m 通信自動復帰 IP67防水防塵 7重ノイズ低減 ENC&DSP&CVC 異なるデバイス接続 Qualcomm Bluetooth 盗難防止 技適認証済み,"base_account_1,base_account_2",2,"rmt, vehicles","アカウント, バイク"
B0F8HT8SYD,掃除機 コードレス【史上初の革新！AI汚れ自動検知＆65Kpa真の強力吸引＆革新版グリーンLEDライト＆65分連続稼働＆自立式＆2in1充電スタンド＆次世代LED液晶ディスプレイ】YIEEC コードレス掃除機 軽量 サイクロン 絡まないヘッド 伸縮パイプ 550Ｗ 3段吸引力 HEPA多重濾過着脱式バッテリー フロア/カーペット/カーテン/ソファ/本棚/車に PSE認証済み 3年保証,"base_account_1,base_account_2",2,rmt,アカウント
B0F9964F97,掃除機 コードレス 【50000pa超強力吸引・50分連続稼働・自立式】Dolado コードレス掃除機 2WAY 伸縮型パイプ LED液晶ディスプレイ 着脱式バッテリー 壁掛け収納 左右180°上下90°回転 HEPA多重濾過 軽量低騒音 一人暮らし スティッククリーナー フロア/カーテン/ソファ/車に適用 家庭用 年末お掃除 日本語取扱説明書,"base_account_1,base_account_2",2,rmt,アカウント
B0F9KFPD9G,【医療機器認定】「ヒルナンデスで紹介！」MYTREX マイトレックス REBIVE 2 マッサージガン 筋膜リリースガン ハンディーマッサージャー 電動マッサージ 肩こり 腰痛 リカバリー リバイブ ギフト プレゼント MT-RB2-24M,"base_account_1,base_account_2",2,medical,医療機器
B0FC247M52,セガフェイブ (SEGA FAVE) アンパンマン にほんごえいご二語文も！あそぼう！しゃべろう！ことばずかん15周年記念BOX,"base_account_1,base_account_2",2,adult,AV
B0FCR4527H,NINJA GAIDEN 4 -PS5,"base_account_1,base_account_2",2,weapons,武器
B0FFGFQ7RS,プロジェクター 4k【Netflixライセンス&20WDoIby対応】1000ASNI高輝度【自動フォーカス＆自動台形補正&自動画面適応&自動障害物回避】家庭用プロジェクター 内蔵 Netflix/YouTube/PrimeVideo WiFi6 双方向Bluetooth5.3 スマホ/PC/DVD/Switchなどに対応 日本語取扱説明書 iWiMiUS P65,"base_account_1,base_account_2",2,adult,AV
B0FG2F1B5F,"マカライズスター 30日分 90粒 亜鉛 マカ シトルリン ヒトデエキス すっぽん MACAXS 6,000mg Vitalness サプリ [栄養機能食品]","base_account_1,base_account_2",2,medical,サプリメント
B0FG32WD4K,MyGO!!!!!×Ave Mujica合同ライブ「わかれ道の、その先へ」Blu-ray【DAY1 : Petrichor / DAY2 : Geosmin】【完全生産限定版(Blu-ray+オルゴールアレンジCD+特製アイテム)】 [Blu-ray],"base_account_1,base_account_2",2,adult,AV
B0FH6882L7,掃除機 コードレス【2025業界革新版！業界初自走式！70Kpa超強力吸引！自立式＆革新版グリーンLEDライト＆置くだけ充電スタンド＆70分連続稼働＆次世代LED液晶ディスプレイ】コードレス掃除機 軽量 サイクロン式 550Ｗ 2WAY 伸縮型パイプ 絡まないヘッド 3段吸引力 HEPA多重濾過 大容量バッテリー 低騒音 フロア/カーペット/カーテン/ソファ/車に適用 家庭用 2年保証,"base_account_1,base_account_2",2,rmt,アカウント
B0FJ29PQLY,掃除機 コードレス Bivark 28000pa超強力吸引【2025業界初!吹き飛ぶ/吸い込む/空気入れ&超軽量】36分連続稼働 0.6kg Type-C充電式 スティック掃除機 6WAY LEDライト付 低騒音 布団用ブラシ付 浮き輪やエアマットなど対応 HEPA多重濾過ハンディースティッククリーナー ワンタッチゴミ捨て 省エネ一人暮らし&お年寄り3年保証 敬老の日 年末お掃除,"base_account_1,base_account_2",2,"rmt, vehicles","アカウント, 自動車"
B0FJ83G1BC,加湿器 大容量 5L 超音波式 Glorlummi 【2025年新登場】加湿器. 上から給水 加湿 アロマ対応 300ml/h加湿量 省エネ 12時間切タイマー スリープモード 29dB静音 LEDディスプレイ 45時間連続加湿 空焚き防止 おしゃれ 乾燥対策 寝室/リビング/オフィス/観葉植物向け リモコン操作 PSE認証済み ホワイト＆ブラック,"base_account_1,base_account_2",2,rmt,アカウント
B0FJLKJHJ9,【医師推奨4重除菌 2026年版】LAViNO (ラビーノ) エアリファイ ハイブリッド 加湿器 カルテット除菌 上部給水 大容量 4.5L 超音波式 スチーム式(ホワイト),"base_account_1,base_account_2",2,adult,AV
B0FKRFG5D4,[Recoverypro Lab.] 疲労回復ウェア 長袖クルーネック ロングパンツ 上下セット ブラック Lサイズ 一般医療機器 リカバリーウェア 男女兼用 血行促進,"base_account_1,base_account_2",2,medical,医療機器
B0FKSWZ9CX,【Bebird 第3世代R1九月新登場】カメラ付き耳かき｜1000万画素｜画質強化｜3.1mm極細レンズ｜明るさ調節可能LEDライト付き｜ピンセット付属｜耳口鼻観察カバー付属｜点薬補助具付き｜Bebird専用アプリ｜IP67防水｜耳垢取り 耳掃除 イヤースコープ 子供 大人,"base_account_1,base_account_2",2,"rmt, medical","アカウント, 薬"
B0FL2627Y3,Bluetoothイヤホン ワイヤレスイヤホン IPX7防水 最大60時間再生 2026年最新Bluetooth6.0ブルートゥースイヤホン 全音域HIFI音質低遅延接続瞬時 片耳/両耳 WEB会議/運動/ゲーム/通学通勤/スポーツ/音楽用iPhone/Android対応 (white),"base_account_1,base_account_2",2,rmt,アカウント
B0FLTW11NS,Bluetoothイヤホン ワイヤレスイヤホン 6つのシリコンマイク搭載 AIスマートENC通話ノイズキャンセリング IPX7防水 最大65時間再生 2025年最新Bluetooth5.4ブルートゥースイヤホン 全音域HIFI音質低遅延接続瞬時WEB会議/運動/ゲーム/通学通勤/スポーツ/音楽用 iPhone/Android対応,"base_account_1,base_account_2",2,rmt,アカウント
B0FM8FT1F1,ピジョン 電動鼻吸い器 SHUPOT シュポット,"base_account_1,base_account_2",2,medical,医療機器
B0FMF5W27N,"電熱グローブ 電熱手袋 【2025年新登場 16000mAhバッテリー付き】 ヒーター手袋 65℃最高温度 バイク用 3Mシンサレート DC給電 防寒グローブ メンズ レディース 3段階温度調節 タッチパネル対応 滑り止め付き 裏起毛 (ブラック, L)","base_account_1,base_account_2",2,vehicles,バイク
B0FNC1NQQ2,KANEBO(カネボウ) クリーム イン デイⅡ 朝用クリーム 40g SPF30 PA+++ 医薬部外品 うるおい 乾燥 ハリ ツヤ UVケア メイクもち プレゼントに ギフトに,"base_account_1,base_account_2",2,medical,薬
B0FP4VCBJX,Hompres 全体PU革電熱グローブ 11.1V両面全体発熱 手のひらと同面の指先発熱 残量表示 バイク用 4段階温度 防寒防水ヒーター手袋 シガーソケット給電 スマホ対応 滑り止め メンズ レディース インナーグローブ付き,"base_account_1,base_account_2",2,vehicles,バイク
B0FP4WJFDN,Hompres 電熱グローブ 11.1V両面全体発熱 手のひらと同面の指先発熱 発熱エリア制御 バイク用 4段階温度 防寒防水ヒーター手袋 スマホ対応 シガーソケット給電 滑り止め メンズ レディース インナーグローブ付き,"base_account_1,base_account_2",2,vehicles,バイク
B0FP54QLRQ,[TENTIAL] BAKUNE スウェット ウィメンズ レディース リカバリーウェア 上下セット 一般医療機器 疲労回復 抗菌機能 血行促進 バクネ 疲労回復パジャマ ルームウェア 部屋着 健康 グレージュ L,"base_account_1,base_account_2",2,medical,医療機器
B0FP55FY7S,[TENTIAL] BAKUNE スウェット ウィメンズ レディース リカバリーウェア 上下セット 一般医療機器 疲労回復 抗菌機能 血行促進 バクネ 疲労回復パジャマ ルームウェア 部屋着 健康 ネイビー L,"base_account_1,base_account_2",2,medical,医療機器
B0FP55HJXP,[TENTIAL] BAKUNE スウェット メンズ リカバリーウェア 上下セット 一般医療機器 疲労回復 抗菌機能 血行促進 バクネ 疲労回復パジャマ ルームウェア 部屋着 健康 ブラック L,"base_account_1,base_account_2",2,medical,医療機器
B0FP562BBW,[TENTIAL] BAKUNE スウェット ウィメンズ レディース リカバリーウェア 上下セット 一般医療機器 疲労回復 抗菌機能 血行促進 バクネ 疲労回復パジャマ ルームウェア 部屋着 健康 グレージュ M,"base_account_1,base_account_2",2,medical,医療機器
B0FP56DW6Y,[TENTIAL] BAKUNE スウェット メンズ リカバリーウェア 上下セット 一般医療機器 疲労回復 抗菌機能 血行促進 バクネ 疲労回復パジャマ ルームウェア 部屋着 健康 ブラック XL,"base_account_1,base_account_2",2,medical,医療機器
B0FP56F79X,[TENTIAL] BAKUNE スウェット メンズ リカバリーウェア 上下セット 一般医療機器 疲労回復 抗菌機能 血行促進 バクネ 疲労回復パジャマ ルームウェア 部屋着 健康 ネイビー XL,"base_account_1,base_account_2",2,medical,医療機器
B0FP56NHTJ,[TENTIAL] BAKUNE スウェット メンズ リカバリーウェア 上下セット 一般医療機器 疲労回復 抗菌機能 血行促進 バクネ 疲労回復パジャマ ルームウェア 部屋着 健康 ダークグレー M,"base_account_1,base_account_2",2,medical,医療機器
B0FPGCQR1J,ドライヤー 大風量 速乾 【2025革新・AIスマート温度制御・美容師監修】 新型ヘアドライヤー 8億高濃度マイナスイオン Wのヘアケア機能搭載 温冷風循環モード 髪に優しい オートクリーニング機能搭載 DCモーター 21通りの風 40m/s高風速 静電気除去 マグネット式ノズル付 コンパクト 持ち運び便利 ヘアサロン/家庭用/旅行用 PSE認証済み (ダークグレーパープル),"base_account_1,base_account_2",2,adult,AV
B0FPLLDL76,タブレット - HiGrace 10インチ Android15 Wi-Fi6モデル 1332*800 IPS画面 RGBライト搭載 16GB+32GB+1TB拡張 Bluetooth5.4 5000mAhバッテリー アンドロイド タブレット Type-C OTG 無線投影 顔認識 Widevine L1 GMS認証 日本語説明書,"base_account_1,base_account_2",2,drugs,ドラッグ
B0FPQ3Y212,【2025新型 3層加厚】電気毛布 掛け 敷き 188×130cm 両面フランネル 電気ブランケット 電気ひざ掛け 恒温加熱 3分速暖 ふわふわ ダニ退治 9段階温度調整 4段階切タイマー 暖房器具 省エネ 自動電源オフ 過熱保護 丸洗い可 厚手生地 毛玉なし 頭寒足熱 防寒対策 防臭 抗菌 肩掛け 膝掛け PSE認証済み,"base_account_1,base_account_2",2,rmt,アカウント
B0FQ1CMN2K,掃除機 コードレス【2025業界初！70Kpa真の超強力吸引＆同クラス最軽量＆自立式＆革新版グリーンLEDライト＆2in1置くだけ充電スタンド＆次世代LED液晶ディスプレイ】55分連続稼働 Yuuscc サイクロン 掃除機 コードレス 掃除機 550Ｗ 3段吸引力 伸縮型パイプ 絡まないヘッドHEPA多重濾過着脱式バッテリー低騒音 フロア/カーペット/ソファー/カーテン/本棚/車3年保証年末お掃除,"base_account_1,base_account_2",2,rmt,アカウント
B0FRF39ZV5,掃除機 コードレス 【2025新登場】55KPa超強力吸引&自立式&LEDライト付き&超軽量0.6kg&50分連続稼働 スティック クリーナー vacuum cleaner cordless そうじき 電気掃除機 2wayタイプ 低騒音 V字型ブラシ HEPA多重濾過 サイクロン式 Type-C充電式スタンド収納 畳/カーペット/フローリング/ソファー/車用対応 日本語取扱説明書 3年保証 黒い,"base_account_1,base_account_2",2,rmt,アカウント
B0FSL4LSX5,セラミックヒーター 【冬新定番・羽根なし・泠暖兼用】ヒーター 暖房器具 省エネ 電気 3段階温風+8段階送風 100°首振り 9Hタイマー 静音 DCモーター 節電 リモコン操作 泠暖房 40W/1100Ｗ 大風量 速暖 過熱保護 転倒OFF 足元 スリム 暖房 セラミックファンヒーター お手入れ簡単 寝室 洗面所 脱衣所 トイレ リビング 家庭用 電気ストーブ PSE認証済(ホワイト),"base_account_1,base_account_2",2,rmt,アカウント
B0FSL72N83,セラミックヒーター 【冬新定番・泠暖兼用・羽根なし】ヒーター 暖房器具 省エネ 電気 3段階温風+8段階送風 100°首振り 9Hタイマー 静音 DCモーター 節電 リモコン操作 泠暖房 40W/1100Ｗ 大風量 速暖 過熱保護 転倒OFF 足元 スリム 暖房 セラミックファンヒーター お手入れ簡単 寝室 洗面所 脱衣所 トイレ リビング 家庭用 電気ストーブ PSE認証済 (グレー),"base_account_1,base_account_2",2,rmt,アカウント
B0FSR5XKB7,"電気毛布 掛け敷き兼用【2025冬新登場 ラビットファー調素材＆フランネル】 電気ブランケット タイマー付き 1－12H AI過熱保護機能搭載 10段階温度調節 速暖 節電 99%電磁波カット 頭寒足熱配線 暖房器具 電気ひざ掛け 大判サイズ 省エネ 節電 冬用 電気毛布 洗える ダニ退治機能 自宅 オフィス用 日本語取扱説明書付き (グレー, 190×130cm)","base_account_1,base_account_2",2,adult,AV
B0FSRMNSS6,"電気毛布 掛け敷き兼用【2025冬新登場 ラビットファー調素材＆フランネル】 電気ブランケット タイマー付き 1－12H AI過熱保護機能搭載 10段階温度調節 速暖 節電 99%電磁波カット 頭寒足熱配線 暖房器具 電気ひざ掛け 大判サイズ 省エネ 節電 冬用 電気毛布 洗える ダニ退治機能 自宅 オフィス用 日本語取扱説明書付き (カーキ, 190×130cm)","base_account_1,base_account_2",2,adult,AV
B0FTM9V185,【25年10月20日発売】SK-II スキンケアセット ピテラ™ ベストコレクション 2025 ホリデーコレクション 化粧水 美白美容液 フェイスクリーム クリスマス限定 ボックス,"base_account_1,base_account_2",2,medical,薬
