message_id,delivery_date,delivery_time,subject,total,success,failure,open_count,error_rate,open_rate,destination_urls,updated_at,ga_pageviews,ga_sessions,ga_purchases,ga_revenue,ga_mail_sessions,shopify_orders,shopify_revenue,shopify_products
1101,2025-12-09,19:35:00,中年太りの3段腹が、なんとマイナス28.4cm！「もう絶対に痩せないと思ってました」アラフォー主婦が別人に！,90959,89964,995,6497,1.09,7.22,https://beauty-careplus.com/,2025-12-10 01:06:25,129,93,1,3605.0,1,1,4285.0,SLIM BLUE DIA（スリムブルーダイヤ）
1100,2025-12-09,08:30:00,★運動せずに、1週間で10kg落とす★「体重計の数字」と「服のサイズ」を同時にリセット！,86014,85998,16,16688,0.02,19.41,https://beauty-careplus.com/,2025-12-10 01:06:26,129,93,1,3605.0,1,1,4285.0,SLIM BLUE DIA（スリムブルーダイヤ）
1099,2025-12-08,19:15:00,90kg超えの肥満女性→▼20日間で▼97.6kg⇒55.4kg【42.2kgの減量に成功！】,87001,86033,968,14245,1.11,16.56,https://beauty-careplus.com/,2025-12-10 01:06:27,193,124,2,18355.0,2,2,19035.0,SLIM BLUE DIA（スリムブルーダイヤ）;blocca（ブロッカ）
1098,2025-12-08,08:45:00,「これはもうダイエットじゃない！アバラ骨浮いてきたし怖い！」と苦情殺到！常識破りの減量剤,82051,82045,6,16579,0.01,20.21,https://beauty-careplus.com/,2025-12-10 01:06:27,193,124,2,18355.0,2,2,19035.0,SLIM BLUE DIA（スリムブルーダイヤ）;blocca（ブロッカ）
1097,2025-12-07,20:30:00,【警告】周囲の人たちから『整形だ』と疑いの目を向けられてしまう可能性があります,82090,82073,17,19803,0.02,24.13,https://beauty-careplus.com/,2025-12-10 00:50:56,162,106,0,0.0,4,,,
1096,2025-12-07,08:30:00,たるんだお腹周りがスリムに！「ワンサイズ下の服が必要になって大変でした」これが脂肪吸収阻害のチカラ！,82126,82121,5,11336,0.01,13.8,https://beauty-careplus.com/,2025-12-10 00:50:56,162,106,0,0.0,4,,,
1095,2025-12-06,20:00:00,【圧倒的な低コスト】 歯科医院の10分の1の費用で、プロ級の仕上がりを可能に！■歯のホワイトニング決定版■,82161,82141,20,11557,0.02,14.07,https://beauty-careplus.com/,2025-12-10 00:50:57,93,69,0,0.0,3,,,
1094,2025-12-06,08:45:00,★衝撃★【肥満救済の1粒】凝り固まった脂肪『燃焼⇒消滅』62kg⇒48kg【15kg減】,82213,82191,22,11542,0.03,14.04,https://beauty-careplus.com/,2025-12-10 00:50:57,93,69,0,0.0,3,,,
1093,2025-12-05,19:40:00,※お断り※凝り固まった脂肪が「根本から燃焼」62kg⇒48kg■重度肥満者救済用のため飲用注意■,83298,82221,1077,8430,1.29,10.25,https://beauty-careplus.com/,2025-12-10 00:50:58,99,80,1,3278.0,0,,,
1092,2025-12-05,08:15:00,「努力」と「我慢」はもう古い！何もしなくても勝手に痩せていくなんてことが、あるんです,78425,78331,94,10679,0.12,13.63,https://beauty-careplus.com/,2025-12-10 00:50:58,99,80,1,3278.0,0,,,
1091,2025-12-04,19:10:00,≪一錠≫で、全身の脂肪が消えていく！「友達には秘密にしてます」モデル主婦がインスタで暴露！,79432,78444,988,12220,1.24,15.58,https://beauty-careplus.com/,2025-12-10 00:50:59,107,79,0,0.0,0,,,
1090,2025-12-04,08:30:00,【厚塗りファンデは、もう捨ててください】ノーメイクの「すっぴん」で出かけるためにはコレ！,74646,74460,186,12433,0.25,16.7,https://beauty-careplus.com/,2025-12-10 00:50:59,107,79,0,0.0,0,,,
1089,2025-12-03,19:30:00,飲む“脂肪の掃除機”！体の老廃物や脂肪を根こそぎ吸い出し、マイナス15kg以上の報告が続々！,75684,74664,1020,12437,1.35,16.66,https://beauty-careplus.com/,2025-12-10 00:51:00,148,107,0,0.0,3,,,
1088,2025-12-03,08:20:00,シミしわで悩む時間もお金もムダにしてませんか？令和の最新版美容クリーム一つで解決できるんです！,70723,70720,3,21749,0.0,30.75,https://beauty-careplus.com/,2025-12-10 00:51:01,148,107,0,0.0,3,,,
1087,2025-12-02,19:15:00,どれだけ努力しても消えないその脂肪は、努力不足ではない。これを飲んでいないからです！,71310,70732,578,12530,0.81,17.71,https://beauty-careplus.com/,2025-12-10 00:51:02,65,47,0,0.0,1,,,
1086,2025-12-02,08:40:00,★冬太りじゃなく「冬痩せ」へ★運動しても落ちない二の腕・お腹周りもピンポイントで削ぎ落とす！,68352,68346,6,12429,0.01,18.19,https://beauty-careplus.com/,2025-12-10 00:51:02,65,47,0,0.0,1,,,
1085,2025-12-01,19:15:00,■注意■1週間で【10kg以上】体重が減少した場合飲用を控えて下さい！※注文殺到のため申込み制限中※,68979,68374,605,21037,0.88,30.77,https://beauty-careplus.com/,2025-12-10 00:51:03,122,82,0,0.0,4,,,
1084,2025-12-01,08:10:00,もう太らない体へ！脂肪細胞そのものを除去！「LLだった服をSサイズで買い直すのめっちゃ嬉しいです」,66020,66006,14,12207,0.02,18.49,https://beauty-careplus.com/,2025-12-10 00:51:03,122,82,0,0.0,4,,,
1083,2025-11-30,20:05:00,【40代でマイナス20kgも】努力では不可能だった大量の脂肪を、まとめてなかったことに！,66074,66043,31,21000,0.05,31.8,https://beauty-careplus.com/,2025-12-10 00:51:04,149,100,2,12947.0,2,,,
1082,2025-11-30,08:25:00,※注意※※クレーム防止のため、10kg以上痩せたくない方はご使用いただけません,66209,66098,111,12618,0.17,19.09,https://beauty-careplus.com/,2025-12-10 00:51:04,149,100,2,12947.0,2,,,
1081,2025-11-29,20:20:00,■注意■体質的な肥満であっても ｢飲むだけで体重が落ちる｣事例しか報告されておりません,66237,66225,12,12555,0.02,18.96,https://beauty-careplus.com/,2025-12-10 00:51:04,117,69,0,0.0,2,,,
1080,2025-11-29,08:45:00,●楽天で6ヶ月待ち●中年太りを1発で『なかったこと』にするには！？コレを飲んでるだけで≫≫マイナス10キロ≪≪,66262,66253,9,12301,0.01,18.57,https://beauty-careplus.com/,2025-12-10 00:51:05,117,69,0,0.0,2,,,
1079,2025-11-28,20:15:00,「痩せたくて飲みすぎちゃって…」ドクターストップがかかるほどの【恐ろしい効果】30kg以上体重が落ちてしまうケースが多発しています,66852,66273,579,6462,0.87,9.75,https://beauty-careplus.com/,2025-12-10 00:51:05,63,47,1,3278.0,2,,,
1078,2025-11-28,08:40:00,"「高い美容液は全部捨てました！」これ一つでシミもシワも全て""漂白""して、雪のようなふわふわ肌に！",63872,63870,2,9543,0.0,14.94,https://beauty-careplus.com/,2025-12-10 00:51:05,63,47,1,3278.0,2,,,
1077,2025-11-27,19:40:00,『拒食症…？』『完全に別人なんだけど』 ガリガリに痩せてそんな噂を立てられる恐れがあります※注意,64325,63880,445,11971,0.69,18.74,https://beauty-careplus.com/,2025-12-10 00:51:06,79,54,0,0.0,2,,,
1076,2025-11-27,08:35:00,◆トレンド◆セブンから新発売！注文殺到のあの美白コスメ→再入荷しました,62447,62351,96,12230,0.15,19.61,https://beauty-careplus.com/,2025-12-10 00:51:06,79,54,0,0.0,2,,,
1075,2025-11-26,19:30:00,「全然痩せないと思ったら4日目から急に体重が減り始めた！」◆注意◆このような体型になってしまいます…,63377,62444,933,12839,1.47,20.56,https://beauty-careplus.com/,2025-12-10 00:51:07,107,62,1,9342.0,4,,,
1074,2025-11-26,08:45:00,■違いは歴然■一目瞭然のホワイトニング！もう歯医者通いも高い治療費も必要ありません,58434,58413,21,12318,0.04,21.09,https://beauty-careplus.com/,2025-12-10 00:51:07,107,62,1,9342.0,4,,,
1073,2025-11-25,19:35:00,◆2025年トレンド入り◆この美容液で、黒肌⇒白肌へ！驚異の変貌を遂げた 【衝撃画像】を※限定公開中※,58661,58436,225,12281,0.38,21.02,https://beauty-careplus.com/,2025-12-10 00:51:08,120,74,1,3605.0,3,,,
1072,2025-11-25,08:35:00,「運動しろ」「食うな」…そんな地獄のようなダイエットから今すぐ解放されませんか？ 答えはこの一粒にあります！,53685,53677,8,12172,0.01,22.68,https://beauty-careplus.com/,2025-12-10 00:51:08,120,74,1,3605.0,3,,,
1071,2025-11-24,20:30:00,≪クレーターになってたニキビ痕が消えた！？≫思わず声が出てしまうほど【レーザー級シミ消し美容液】,53704,53691,13,12259,0.02,22.83,https://beauty-careplus.com/,2025-12-10 00:51:09,186,110,4,20157.0,2,,,
1070,2025-11-24,08:40:00,「食べてるのに細くなる」！ 脂肪の吸収を抑え、すっきりほっそり痩せボディに！,53727,53722,5,12134,0.01,22.59,https://beauty-careplus.com/,2025-12-10 00:51:09,186,110,4,20157.0,2,,,
1069,2025-11-23,20:10:00,このレモンティーが【炭水化物】【脂肪】【糖分】を体内に排出→カロリー帳消しでマイナス8kg！,53744,53737,7,12309,0.01,22.91,https://beauty-careplus.com/,2025-12-10 00:51:10,162,137,0,0.0,3,,,
1068,2025-11-23,08:05:00,鏡を見て憂鬱に… その贅肉、いつまで放置しますか？★中年女性がマイナス20kgを記録！毎日飲むだけでいいんです★,53774,53765,9,20602,0.02,38.32,https://beauty-careplus.com/,2025-12-10 00:51:10,162,137,0,0.0,3,,,
1067,2025-11-22,20:00:00,飲む“脂肪の掃除機”！体の老廃物や脂肪を根こそぎ吸い出し、マイナス15kg以上の報告が続々！,53799,53784,15,12164,0.03,22.62,http://beucare2025.homes/blackattraction/;https://beauty-careplus.com/,2025-12-10 00:51:11,188,131,0,0.0,1,,,
1066,2025-11-22,08:40:00,「いきなり5kg程減って、2週間で10kg以上減りました」長年蓄積されてきた脂肪がどんどんしぼむ！,53848,53826,22,20637,0.04,38.34,https://beauty-careplus.com/,2025-12-10 00:51:11,188,131,0,0.0,1,,,
1065,2025-11-21,19:55:00,食べたもの全部なかったことに！ 24時間働き続ける炭の吸着力で、余計な脂肪をそぎ落とす！,53933,53860,73,12844,0.14,23.85,https://beauty-careplus.com/,2025-12-10 00:51:12,134,96,0,0.0,1,,,
1064,2025-11-21,09:50:00,"【肌再生クレンジング】で""ブツブツ角栓""や""黒ずみ毛穴""が、ごっそり落ちる！ぷるぷる赤ちゃん肌へ",48947,48944,3,12476,0.01,25.49,https://beauty-careplus.com/,2025-12-10 00:51:12,134,96,0,0.0,1,,,
1063,2025-11-20,19:45:00,■体重50kg以上の方限定■【極秘情報】製薬会社が開発した「体重を減らす専用の錠剤」入荷！,48969,48958,11,12796,0.02,26.14,https://beauty-careplus.com/,2025-12-10 00:51:13,140,95,3,16552.0,2,,,
1062,2025-11-20,08:45:00,くも膜下出血、脳卒中、脳梗塞…40代50代から一気に増えるリスクを抑えるこの1粒！,48287,48283,4,12836,0.01,26.58,https://beauty-careplus.com/,2025-12-10 00:51:13,140,95,3,16552.0,2,,,
1061,2025-11-19,19:40:00,国民的女優【橋〇環奈】が激やせした理由！「太りやすいビール好きには欠かせないですね～」,48320,48294,26,12242,0.05,25.35,https://beauty-careplus.com/,2025-12-10 00:51:14,64,41,0,0.0,0,,,
1060,2025-11-19,08:30:00,※警告※初めての利用だと”痩せすぎる”のでご注意ください→「20キロも痩せてしまって…」,46359,46328,31,10769,0.07,23.25,https://beauty-careplus.com/,2025-12-10 00:51:14,64,41,0,0.0,0,,,
1059,2025-11-18,19:25:00,"◆驚愕◆体重""113kg""の40代主婦が、50kg以上痩せたのは毎日2錠の『コレ』だった！",46374,46365,9,11850,0.02,25.56,https://beauty-careplus.com/,2025-12-10 00:51:14,94,65,0,0.0,2,,,
1058,2025-11-18,08:30:00,【圧倒的な低コスト】 歯科医院の10分の1の費用で、プロ級の仕上がりを可能に！■歯のホワイトニング決定版■,46397,46386,11,14328,0.02,30.89,https://beauty-careplus.com/,2025-12-10 00:51:15,94,65,0,0.0,2,,,
1057,2025-11-17,19:30:00,90kg超えの肥満女性→▼20日間で▼97.6kg⇒55.4kg【42.2kgの減量に成功！】,47198,46409,789,19964,1.67,43.02,https://beauty-careplus.com/,2025-12-10 00:51:16,124,81,2,12947.0,0,,,
1056,2025-11-17,08:15:00,「これはもうダイエットじゃない！アバラ骨浮いてきたし怖い！」と苦情殺到！常識破りの減量剤,45216,45208,8,11904,0.02,26.33,https://beauty-careplus.com/,2025-12-10 00:51:16,124,81,2,12947.0,0,,,
1055,2025-11-16,20:15:00,「いきなり5kg程減って、2週間で10kg以上減りました」とうとう入荷しました！痩身ダイヤモンド！,45235,45220,15,12067,0.03,26.69,https://beauty-careplus.com/,2025-12-10 00:51:17,69,46,1,9834.0,0,,,
1054,2025-11-16,08:15:00,インスタやtiktokのインフルエンサーたちの愛用品！「3段腹がなくなるなんて…！」と驚きの声多数！,45252,45245,7,12375,0.02,27.35,https://beauty-careplus.com/,2025-12-10 00:51:17,69,46,1,9834.0,0,,,
1053,2025-11-15,20:20:00,あの大河女優が痩せた理由が判明！関係者「これ飲んでたのをよく見ました」痩せる前と比較！,45274,45260,14,12057,0.03,26.64,https://beauty-careplus.com/,2025-12-10 00:51:18,89,59,2,13112.0,2,,,
1052,2025-11-15,08:40:00,◆取扱注意◆糖尿病の患者にマイナス40kgの実績も！中年太りや運動不足で増えた体重を落とすのは「これ1つ」で十分です,45294,45282,12,11981,0.03,26.46,https://beauty-careplus.com/,2025-12-10 00:51:19,89,59,2,13112.0,2,,,
1051,2025-11-14,19:05:00,【深●恭子のヒミツ】グラビア撮影前の減量方法をインスタで暴露！「これ飲んでるだけです♪」,45310,45299,11,12575,0.02,27.76,https://beauty-careplus.com/,2025-12-10 00:51:19,34,23,2,13439.0,0,,,
1050,2025-11-14,08:00:00,≪一錠≫で、全身の脂肪が消えていく！「友達には秘密にしてます」モデル主婦がインスタで暴露！,45327,45314,13,12012,0.03,26.51,https://beauty-careplus.com/,2025-12-10 00:51:21,34,23,2,13439.0,0,,,
1049,2025-11-13,19:15:00,90kg超えの肥満女性→▼20日間で▼97.6kg⇒55.4kg【42.2kgの減量に成功！】,45341,45335,6,12139,0.01,26.78,https://beauty-careplus.com/,2025-12-10 00:51:21,111,77,1,14750.0,2,,,
1048,2025-11-13,08:05:00,◆超人気！シミ消し美白クリーム◆「行列すごすぎて買えなかった！」「次の入荷いつですか！？」クレーム多発！,45354,45352,2,12650,0.0,27.89,https://beauty-careplus.com/,2025-12-10 00:51:22,111,77,1,14750.0,2,,,
1047,2025-11-12,19:55:00,「いきなり5kg程減って、2週間で10kg以上減りました」とうとう入荷しました！痩身ダイヤモンド！,46157,45357,800,12272,1.73,27.06,https://beauty-careplus.com/,2025-12-10 00:51:22,105,81,2,24092.0,3,,,
1046,2025-11-12,08:55:00,皮膚科の開業医が教える【自宅で自分のシミをキレイに剥がす方法】,44199,44192,7,21424,0.02,48.48,https://beauty-careplus.com/,2025-12-10 00:51:23,105,81,2,24092.0,3,,,
1045,2025-11-11,20:05:00,『飲んだ日の夜に1キロやせた！』『食べる量減りました』『食べても体重増えない！』→気づいたらマイナス7キロ！,44208,44203,5,12649,0.01,28.62,https://beauty-careplus.com/,2025-12-10 00:51:24,110,75,1,9342.0,4,,,
1044,2025-11-11,08:20:00,脂肪吸引したって疑われました！【厳重注意】急激な体重減少を引き起こしてしまいます,44221,44216,5,12030,0.01,27.21,https://beauty-careplus.com/,2025-12-10 00:51:24,110,75,1,9342.0,4,,,
1043,2025-11-10,19:00:00,【衝撃映像】立ち上がるのが苦しいほど太った主婦が、まるで別人！※注意※肥満体型の方でないと、痩せすぎてしまい【大変危険】です,45048,44226,822,12687,1.82,28.69,https://beauty-careplus.com/,2025-12-10 00:51:25,78,63,0,0.0,1,,,
1042,2025-11-10,08:05:00,【失敗した例は一件もありません】「お試しでこんなに痩せちゃっていいんですか？？」強制痩身剤モニター募集,43071,43071,0,12460,0.0,28.93,https://beauty-careplus.com/,2025-12-10 00:51:25,78,63,0,0.0,1,,,
1041,2025-11-09,20:40:00,このヨーグルトで服のサイズが2つも落ちた！「LLからSになっちゃいました」,43085,43082,3,12591,0.01,29.23,https://beauty-careplus.com/,2025-12-10 00:51:26,127,84,0,0.0,2,,,
1039,2025-11-09,08:30:00,"『たった3日で肌が真っ白になったんだけど。。。』見た目年齢→マイナス20歳に！洗顔石けんを変えるだけで…想定を超える""極上美肌""へ",43096,43095,1,12506,0.0,29.02,https://beauty-careplus.com/,2025-12-10 00:51:26,127,84,0,0.0,2,,,
1040,2025-11-08,20:05:00,このヨーグルトは■危険です■どんな肥満体型でも ｢飲むだけで体重が落ちる｣事例しか報告されておりません,43170,43106,64,12594,0.15,29.22,https://beauty-careplus.com/,2025-12-10 00:51:27,59,32,0,0.0,2,,,
1038,2025-11-08,08:30:00,美容外科より『販売規制』が出されましたので、大変申し訳ございませんが今回限りとなりました。ご迷惑おかけしますことお詫び申し上げます。,43192,43176,16,12547,0.04,29.06,https://beauty-careplus.com/,2025-12-10 00:51:27,59,32,0,0.0,2,,,
1037,2025-11-07,19:05:00,※衝撃速報※毎日のお茶をこれに変えるだけで→7日で7kgの減量！14日で15kgの減量！,43238,43206,32,12599,0.07,29.16,https://beauty-careplus.com/,2025-12-10 00:51:27,147,80,0,0.0,2,,,
1036,2025-11-07,08:20:00,「20代に戻ったみたいです」これ一つでシミシワを改善！飲むだけでスベスベお肌,43254,43251,3,12580,0.01,29.09,https://beauty-careplus.com/,2025-12-10 00:51:28,147,80,0,0.0,2,,,
1035,2025-11-06,19:30:00,再入荷しました→◆“ドス黒い”痩身茶◆毎日のお茶を変えるだけで【脂肪を溶かし尽くす】,44074,43257,817,12921,1.85,29.87,https://beauty-careplus.com/,2025-12-10 00:51:29,130,76,0,0.0,1,,,
1034,2025-11-06,08:35:00,≪クレーターになってたニキビ痕が消えた！？≫思わず声が出てしまうほど【レーザー級シミ消し美容液】,42102,42097,5,11856,0.01,28.16,https://beauty-careplus.com/,2025-12-10 00:51:29,130,76,0,0.0,1,,,
1033,2025-11-05,19:25:00,■最終案内■太りやすい肥満体質であっても ｢飲むだけで体重が落ちる｣というご連絡しか来ておりません,42111,42110,1,12420,0.0,29.49,https://beauty-careplus.com/,2025-12-10 00:51:29,62,36,0,0.0,1,,,
1032,2025-11-05,08:10:00,60kgの主婦が激やせ→再入荷≪少数のみ販売再開≫この「レモンティー」を飲むだけで【脂肪を排出】,42127,42120,7,11940,0.02,28.35,https://beauty-careplus.com/,2025-12-10 00:51:30,62,36,0,0.0,1,,,
1031,2025-11-04,19:45:00,※間もなく販売終了※インフルエンサーの主婦がどれだけ食べても太らない理由！「これ飲んでるだけでめっちゃ痩せます！」,42924,42132,792,12496,1.85,29.66,https://beauty-careplus.com/,2025-12-10 00:51:30,130,111,0,0.0,5,,,
1030,2025-11-04,08:40:00,「どの店も売り切れで買えなかった！」「いつ入荷するんですか！？」クレーム多発！◆今流行の痩せるレモンティー◆,40944,40943,1,12491,0.0,30.51,https://beauty-careplus.com/,2025-12-10 00:51:31,130,111,0,0.0,5,,,
1029,2025-11-03,20:50:00,『飲んですぐ効く』脂肪を分解して体重がみるみる落ちていき…！？78.3kg⇒53.1kg 【-25.2kg減量】薬剤者も驚愕の即効性！,40961,40954,7,12424,0.02,30.34,https://beauty-careplus.com/,2025-12-10 00:51:31,167,125,0,0.0,3,,,
1028,2025-11-03,08:50:00,◆トレンド◆インフルエンサーで大バズり！注文殺到のあの美白コスメ→再入荷しました【個数限定】,40969,40968,1,12527,0.0,30.58,https://beauty-careplus.com/,2025-12-10 00:51:32,167,125,0,0.0,3,,,
1027,2025-11-02,20:45:00,「これはもうダイエットじゃない！アバラ骨浮いてきたし怖い！」と悲鳴も！◆解禁◆1時間で-1kgの体重が落ちてしまう,40984,40976,8,12578,0.02,30.7,https://beauty-careplus.com/,2025-12-10 00:51:32,289,218,1,3278.0,1,,,
1026,2025-11-02,08:20:00,“食べる輸血錠”73.3kg⇒48.3kg▼基礎代謝率がUP▲みるみる痩せる！食べる輸血で[翌朝-2kg]！,40992,40987,5,12506,0.01,30.51,https://beauty-careplus.com/,2025-12-10 00:51:33,289,218,1,3278.0,1,,,
1025,2025-11-01,20:15:00,今●美桜が痩せた理由や方法は？痩せる前と比較！美容外科「太ってる女性は絶対にやって」,41018,40995,23,11903,0.06,29.04,https://beauty-careplus.com/,2025-12-10 00:51:33,75,53,0,0.0,0,,,
1024,2025-11-01,08:15:00,40代以降、突然発症してもおかしくないのが、くも膜下出血、脳卒中、脳梗塞…抑えるこの1粒！,41037,41028,9,11784,0.02,28.72,https://beauty-careplus.com/,2025-12-10 00:51:33,75,53,0,0.0,0,,,
1023,2025-10-31,19:10:00,「全然痩せないと思ったら4日目から急に体重が減り始めた！」◆注意◆このような体型になってしまいます…,41898,41033,865,11883,2.06,28.96,https://beauty-careplus.com/,2025-12-10 00:51:34,155,100,1,3605.0,1,,,
1022,2025-10-31,08:10:00,◆解禁◆1時間で-1kgの体重が落ちてしまう…「これはもうダイエットじゃない！アバラ骨浮いてきたし怖い！」と悲鳴も,39918,39910,8,11845,0.02,29.68,https://beauty-careplus.com/,2025-12-10 00:51:34,155,100,1,3605.0,1,,,
1021,2025-10-30,19:00:00,本日8時時点◆残り50個を切りました◆寝ているだけで…【－23kgを達成！】健康上の問題で体重が45kg以内の方のご購入は禁止しております,39941,39922,19,11853,0.05,29.69,https://beauty-careplus.com/,2025-12-10 00:51:35,125,63,0,0.0,3,,,
1020,2025-10-30,08:30:00,※注意※2度目の方は購入しないでください【初めて飲用する方のみに効果があります】過剰摂取厳禁！20kg以上体重を落とした方続出！,39976,39947,29,11853,0.07,29.67,https://beauty-careplus.com/,2025-12-10 00:51:36,125,63,0,0.0,3,,,
1019,2025-10-29,19:30:00,40歳主婦が年下から声をかけられたには理由があった！【中年太り】していない人は、みんなコレで痩せている！,40800,39981,819,12444,2.01,31.12,https://beauty-careplus.com/,2025-12-10 00:51:36,381,288,0,0.0,4,,,
1016,2025-10-29,08:20:00,ドクターストップがかかるほどの【恐ろしい効果】！30kg以上体重が落ちてしまうケースが多発しています,38819,38816,3,11742,0.01,30.25,https://beauty-careplus.com/,2025-12-10 00:51:36,381,288,0,0.0,4,,,
1015,2025-10-28,19:15:00,◆衝撃◆今月のVOGEで紹介されました【薬用美白】消したいシミだけピンポイントで漂白！たった1週間でこの違い！,38827,38822,5,12301,0.01,31.69,https://beauty-careplus.com/,2025-12-10 00:51:37,383,291,1,4950.0,0,,,
1014,2025-10-28,08:45:00,※注意※※クレーム防止のため、10kg以上痩せたくない方はご使用いただけません！,38836,38832,4,11645,0.01,29.99,https://beauty-careplus.com/,2025-12-10 00:51:37,383,291,1,4950.0,0,,,
1017,2025-10-27,19:55:00,20年溜まったシミが消える！[メラニン破壊酵素]がシミやくすみを根絶！→輝くような美白肌へ,39676,38852,824,21120,2.08,54.36,https://beauty-careplus.com/,2025-12-10 00:51:37,471,342,1,21780.0,5,,,
1013,2025-10-27,08:15:00,このレモンティーが【炭水化物】【脂肪】【糖分】を体内に排出→カロリー帳消しでマイナス8kg！,37698,37695,3,11735,0.01,31.13,https://beauty-careplus.com/,2025-12-10 00:51:38,471,342,1,21780.0,5,,,
1012,2025-10-26,20:40:00,40代女性「自分のくびれなんて20年ぶりに見ました！」貼るだけで体重が【73kg】→【50kg】とドンドン減っていく！,37716,37703,13,12271,0.03,32.55,https://beauty-careplus.com/,2025-12-10 00:51:38,342,278,1,3278.0,2,,,
1011,2025-10-26,08:35:00,SNSインスタで話題の≪脂肪細胞≫を【撲滅】するレモンティー再入荷いたしました！※即完売注意※,37774,37720,54,12230,0.14,32.42,https://beauty-careplus.com/,2025-12-10 00:51:38,342,278,1,3278.0,2,,,
1010,2025-10-25,20:35:00,勤務医「10kgも痩せたんですけど病気ですか？と診療を受けに来る人が多いんです」→短期痩せの原因はコレ！,37803,37778,25,12319,0.07,32.61,https://beauty-careplus.com/,2025-12-10 00:51:39,400,276,0,0.0,0,,,
1008,2025-10-25,08:20:00,【メーカー売り切れ中】ほとんどの人が 1週間で10kg以上の減量に成功！現品限りで※販売強制終了※,37842,37809,33,11994,0.09,31.72,https://beauty-careplus.com/,2025-12-10 00:51:39,400,276,0,0.0,0,,,
1007,2025-10-24,19:40:00,【何をしても痩せなかった50代主婦が…】王●のブランチで話題沸騰！ヨーグルトで激やせ！,38719,37848,871,12288,2.25,32.47,https://beauty-careplus.com/,2025-12-10 00:51:40,307,237,0,0.0,1,,,
1006,2025-10-24,08:35:00,【この方法を試す勇気がない方はメールの削除をお願いします】1時間ごとに体重が落ちていきます,36745,36730,15,12204,0.04,33.23,https://beauty-careplus.com/,2025-12-10 00:51:40,307,237,0,0.0,1,,,
1005,2025-10-23,19:35:00,「痩せたくて飲みすぎちゃって…」ドクターストップがかかるほどの【恐ろしい効果】30kg以上体重が落ちてしまうケースが多発しています,36752,36751,1,12192,0.0,33.17,https://beauty-careplus.com/,2025-12-10 00:51:41,358,290,0,0.0,1,,,
1004,2025-10-23,08:45:00,"■※体重管理不足で""痩せすぎる""ケースが多発しています※■食べても食べても、細い身体のまま！",36758,36755,3,12127,0.01,32.99,https://beauty-careplus.com/,2025-12-10 00:51:41,358,290,0,0.0,1,,,
1003,2025-10-22,19:40:00,毛(もう)ダッシュで脱毛完了！高くて痛いじゃ意味がない。安心安価で簡単除毛でツルツルに！,37582,36768,814,11630,2.17,31.63,https://beauty-careplus.com/,2025-12-10 00:51:41,277,189,0,0.0,3,,,
1002,2025-10-22,08:40:00,【怖いほど体重が減る！】食べて食べて、こんなに食べても、どんどん痩せてしまうんです。。,35598,35596,2,11970,0.01,33.63,https://beauty-careplus.com/,2025-12-10 00:51:42,277,189,0,0.0,3,,,
1001,2025-10-21,19:35:00,いつもマシュマロ肌！最短5分で憧れのつるスベ肌が手に入る！≪重度の剛毛≫も1mm残らず◆完全消滅◆,35611,35601,10,11378,0.03,31.96,https://beauty-careplus.com/,2025-12-10 00:51:42,249,170,1,21780.0,4,,,
1000,2025-10-21,08:15:00,美白成分×速攻浸透 － すぐに感じる明るさ！「あんなに気になっていたシミが消えたんです」,35621,35620,1,12022,0.0,33.75,https://beauty-careplus.com/,2025-12-10 00:51:43,249,170,1,21780.0,4,,,
999,2025-10-20,19:15:00,●楽天で6ヶ月待ち●中年太りを1発で『なかったこと』にするには！？レモンティー飲んでるだけで≫≫マイナス10キロ≪≪,36447,35628,819,11584,2.25,32.51,https://beauty-careplus.com/,2025-12-10 00:51:43,221,183,2,6883.0,5,,,
998,2025-10-20,08:50:00,★現在SNS中心に大バズり中★皮膚科の開業医が教える【自宅で自分のシミをキレイに剥がす方法】,34462,34461,1,11505,0.0,33.39,https://beauty-careplus.com/,2025-12-10 00:51:44,221,183,2,6883.0,5,,,
997,2025-10-19,20:50:00,『飲んだ日の夜に1キロやせた！』『食べる量減りました』『食べても体重増えない！』→気づいたらマイナス7キロ！,34483,34475,8,20567,0.02,59.66,https://beauty-careplus.com/,2025-12-10 00:51:45,257,190,1,3605.0,2,,,
996,2025-10-19,08:15:00,"◆保険適用外のため高額な""痩身錠""が【ジェネリック】として格安で再販売◆すでに品切れ間近となっております！",34494,34490,4,12031,0.01,34.88,https://beauty-careplus.com/,2025-12-10 00:51:45,257,190,1,3605.0,2,,,
995,2025-10-18,20:15:00,現在メ●カリやオークションで値段高騰中！詐欺にもご注意ください！≪公式サイトで定価で購入できるのは今だけです≫数量少なくなっております！,34501,34496,5,12036,0.01,34.89,https://beauty-careplus.com/,2025-12-10 00:51:46,164,143,1,3605.0,4,,,
994,2025-10-18,08:10:00,【極秘情報】製薬会社が開発した「体重を減らす専用の錠剤」入荷！薬剤師「体重が50kg以上の人じゃないとお勧めできない」,34507,34506,1,11957,0.0,34.65,https://beauty-careplus.com/,2025-12-10 00:51:46,164,143,1,3605.0,4,,,
990,2025-10-17,19:05:00,※医薬品と同等の効果がございます※500時間連続で【脂肪減少を記録】「以前着ていた服がブカブカでもう着れないんですけど…」との声多数,34512,34512,0,12039,0.0,34.88,https://beauty-careplus.com/,2025-12-10 00:51:46,119,85,0,0.0,0,,,
989,2025-10-17,08:15:00,"「パート仲間に""整形した""って噂を流されちゃって困ってます…」◆体重が1時間に1kg落ちる！？長年蓄えた脂肪があっという間に→",34521,34517,4,11502,0.01,33.32,https://beauty-careplus.com/,2025-12-10 00:51:47,119,85,0,0.0,0,,,
988,2025-10-16,19:35:00,※注意※※クレーム防止のため、10kg以上痩せたくない方はご使用いただけません！,35491,34524,967,11508,2.72,33.33,https://beauty-careplus.com/,2025-12-10 00:51:47,106,103,0,0.0,1,,,
987,2025-10-16,08:15:00,某事務所社長「ジム通いや食事制限なんてしてないよ」女優やアイドルが【ずっと痩せてる理由】が明らかに！,33584,33503,81,11490,0.24,34.3,https://beauty-careplus.com/,2025-12-10 00:51:48,106,103,0,0.0,1,,,
986,2025-10-15,19:10:00,薬剤者も驚愕の即効性！『飲んですぐ効く』脂肪を分解して体重がみるみる落ちていき…！？78.3kg⇒53.1kg 【-25.2kg減量】,33588,33588,0,11452,0.0,34.1,https://beauty-careplus.com/,2025-12-10 00:51:48,231,200,3,22946.0,2,,,
985,2025-10-15,08:30:00,石原さ◯みが痩せた理由が判明！関係者「これ飲んでたのをよく見ました」痩せる前と比較！,33593,33591,2,11374,0.01,33.86,https://beauty-careplus.com/,2025-12-10 00:51:49,231,200,3,22946.0,2,,,
984,2025-10-14,19:30:00,インスタやtiktokのインフルエンサーたちの愛用品！「3段腹がなくなるなんて…！」と驚きの声多数！,34538,33594,944,11315,2.73,33.68,https://beauty-careplus.com/,2025-12-10 00:51:49,366,279,0,0.0,2,,,
983,2025-10-14,08:30:00,【深●恭子のヒミツ】グラビア撮影前の減量方法をインスタで暴露！「これ飲んでるだけです♪」,32553,32550,3,11838,0.01,36.37,https://beauty-careplus.com/,2025-12-10 00:51:49,366,279,0,0.0,2,,,
982,2025-10-13,20:25:00,【再入荷】☆超☆濃☆厚☆除毛石鹸！面倒な処理とはサヨナラ！『ムダ毛』がこの世界から消えてしまいます,32562,32556,6,11912,0.02,36.59,https://beauty-careplus.com/,2025-12-10 00:51:50,354,265,1,9834.0,1,,,
981,2025-10-13,08:20:00,運動せず食事制限もせず！-11kgに成功した53歳女性「タイトなスカートやパンツいっぱい買っちゃいました」,32568,32567,1,11833,0.0,36.33,https://beauty-careplus.com/,2025-12-10 00:51:50,354,265,1,9834.0,1,,,
980,2025-10-12,20:20:00,北●景子が「育児の合間でも出来るので嬉しい～」とインスタで紹介！全身を≪　完　全　無　毛　化　≫男性の剛毛も「ツルン」と消える！,32577,32570,7,11894,0.02,36.52,https://beauty-careplus.com/,2025-12-10 00:51:51,314,260,0,0.0,1,,,
979,2025-10-12,08:15:00,まさか1週間で驚くの結果が！「こんなに痩せちゃっていいんですか？？」と困惑の声も,32586,32583,3,11244,0.01,34.51,https://beauty-careplus.com/,2025-12-10 00:51:51,314,260,0,0.0,1,,,
978,2025-10-11,20:20:00,◆取扱注意◆糖尿病の患者にマイナス40kgの実績も！中年太りや運動不足で増えた体重を落とすのは「これ1つ」で十分です,32591,32587,4,11325,0.01,34.75,https://beauty-careplus.com/,2025-12-10 00:51:52,369,247,0,0.0,0,,,
977,2025-10-11,08:45:00,■危険■スマホの光が、老け顔を量産中！ダメージを防ぎシミを消すには【ブルーライト専用美容液】,32601,32596,5,11894,0.02,36.49,https://beauty-careplus.com/,2025-12-10 00:51:52,369,247,0,0.0,0,,,
976,2025-10-10,19:40:00,≪一錠≫で、全身の脂肪が消えていく！「友達には秘密にしてます」モデル主婦がインスタで暴露！,32618,32605,13,11304,0.04,34.67,https://beauty-careplus.com/,2025-12-10 00:51:53,421,316,0,0.0,1,,,
975,2025-10-10,08:40:00,洗顔後に塗るだけで【ブルーライトの日焼け】をカット！現代社会の必需品、まだ使ってないんですか？,32651,32629,22,20330,0.07,62.31,https://beauty-careplus.com/,2025-12-10 00:51:54,421,316,0,0.0,1,,,
974,2025-10-09,19:30:00,【カロリー帳消し】何もしてないのに、こんなに痩せることある！？革命的ダイエットレモンティー,33576,32656,920,11427,2.74,34.99,https://beauty-careplus.com/,2025-12-10 00:51:55,399,308,1,3605.0,2,,,
973,2025-10-09,08:45:00,貼るだけで体重が【73kg】→【50kg】40代女性「自分のくびれなんて20年ぶりに見ました！」,31607,31587,20,11877,0.06,37.6,https://beauty-careplus.com/,2025-12-10 00:51:55,399,308,1,3605.0,2,,,
972,2025-10-08,19:15:00,飲んだ次の日から「なんかおかしくない…？」52歳の母が困惑◆ヒミツの激やせレモンティー◆,31624,31623,1,20260,0.0,64.07,https://beauty-careplus.com/,2025-12-10 00:51:56,221,156,1,9342.0,7,,,
971,2025-10-08,08:40:00,「全然痩せないと思ったら4日目から急に体重が減り始めた！」◆注意◆このような体型になってしまいます…,31633,31631,2,11840,0.01,37.43,https://beauty-careplus.com/,2025-12-10 00:51:56,221,156,1,9342.0,7,,,
970,2025-10-07,19:50:00,※注意※※クレーム防止のため、10kg以上痩せたくない方はご使用いただけません,32566,31642,924,11454,2.84,36.2,https://beauty-careplus.com/,2025-12-10 00:51:57,164,123,1,14750.0,10,,,
969,2025-10-07,08:05:00,【何をしても痩せなかった50代主婦が…】王●のブランチで話題沸騰！ヨーグルトで激やせ！,30575,30574,1,11734,0.0,38.38,https://beauty-careplus.com/,2025-12-10 00:51:57,164,123,1,14750.0,10,,,
968,2025-10-06,19:00:00,【激痩錠】4日目から体重が急降下いたします！※病気になったと勘違いして病院に行ってしまう方が多数おられます※,30581,30580,1,11951,0.0,39.08,https://beauty-careplus.com/,2025-12-10 00:51:57,126,87,0,0.0,4,,,
967,2025-10-06,08:25:00,「今までやってたダイエットって無意味でした」毎日ヨーグルトを飲むだけでマイナス10kg以上！,30586,30585,1,11778,0.0,38.51,https://beauty-careplus.com/,2025-12-10 00:51:58,126,87,0,0.0,4,,,
966,2025-10-05,20:10:00,『拒食症…？』『完全に別人なんだけど』 ガリガリに痩せてそんな噂を立てられる恐れがあります※注意,30601,30591,10,11801,0.03,38.58,https://beauty-careplus.com/,2025-12-10 00:51:58,27,15,1,9342.0,3,,,
965,2025-10-05,08:00:24,"「高い美容液は全部捨てました！」これ一つでシミもシワも全て""漂白""して、雪のようなふわふわ肌に！",30606,30604,2,11808,0.01,38.58,https://beauty-careplus.com/,2025-12-10 00:51:59,27,15,1,9342.0,3,,,
964,2025-10-04,20:05:11,「全然痩せないと思ったら4日目から急に体重が減り始めた！」◆注意◆このような体型になってしまいます…,30620,30612,8,11894,0.03,38.85,https://beauty-careplus.com/,2025-12-10 00:51:59,23,19,0,0.0,1,,,
963,2025-10-04,08:40:11,◆トレンド◆セブンから新発売！注文殺到のあの美白コスメ→再入荷しました,31524,30621,903,11830,2.86,38.63,https://beauty-careplus.com/,2025-12-10 00:51:59,23,19,0,0.0,1,,,
962,2025-10-03,19:30:04,◆衝撃◆あの「おデブキャラ」としてお茶の間で大人気だった女芸人の体重が半分になったのは【コレ】が原因だった→,29545,29531,14,11675,0.05,39.53,https://beauty-careplus.com/,2025-12-10 00:52:00,43,29,0,0.0,2,,,
957,2025-09-30,20:30:27,医療脱毛サロンのオーナー「毛深い人は全員やって」頑固なムダ毛を一掃！男性の剛毛すら”なかったこと”に！,88158,88142,16,11144,0.02,12.64,https://beauty-careplus.com/,2025-12-10 00:52:00,270,144,2,12587.0,16,,,
961,2025-09-30,08:25:28,40歳主婦が年下から声をかけられたには理由があった！【中年太り】を脱却する唯一の一手、まだやってないんですか？,88165,88160,5,11675,0.01,13.24,https://beauty-careplus.com/,2025-12-10 00:52:01,270,144,2,12587.0,16,,,
955,2025-09-29,20:25:15,≪重度の剛毛≫も1mm残らず◆完全消滅◆ボツボツ毛穴や剃り残しとは、永遠にお別れ！,88194,88168,26,11156,0.03,12.65,https://beauty-careplus.com/,2025-12-10 00:52:01,213,119,0,0.0,10,,,
958,2025-09-29,08:35:14,美白成分×速攻浸透 － すぐに感じる明るさ！「あんなに気になっていたシミが消えたんです」,88185,88183,2,11706,0.0,13.27,https://beauty-careplus.com/,2025-12-10 00:52:02,213,119,0,0.0,10,,,
960,2025-09-28,20:25:58,●楽天で6ヶ月待ち●中年太りを1発で『なかったこと』にするには！？レモンティーで≫≫マイナス10キロ≪≪,88202,88192,10,11355,0.01,12.88,https://beauty-careplus.com/,2025-12-10 00:52:02,122,83,1,14750.0,5,,,
956,2025-09-28,08:30:58,【警告】周囲の人たちから『整形だ』と疑いの目を向けられてしまう可能性があります,88214,88212,2,11162,0.0,12.65,https://beauty-careplus.com/,2025-12-10 00:52:03,122,83,1,14750.0,5,,,
959,2025-09-27,20:15:49,◆amazonギフトプレゼント◆あのレモンティーが本当に痩せるか検証した結果→,88247,88224,23,20362,0.03,23.08,https://beauty-careplus.com/,2025-12-10 00:52:03,312,178,1,3605.0,8,,,
954,2025-09-27,08:20:49,おまたせいたしました【モニター募集再開】「こんなに痩せちゃっていいんですか？？」と困惑の声も,88254,88250,4,11779,0.0,13.35,https://beauty-careplus.com/,2025-12-10 00:52:04,312,178,1,3605.0,8,,,
953,2025-09-26,19:10:44,◆トレンド◆インフルエンサーで大バズり！注文殺到のあの美白コスメ→再入荷しました【個数限定】,88268,88256,12,11801,0.01,13.37,https://beauty-careplus.com/,2025-12-10 00:52:04,156,102,1,9834.0,4,,,
952,2025-09-26,08:05:42,※即完売してしまって申し訳ありません※【本日再入荷】痩せ放題！脂肪溶解ピル,88275,88272,3,11765,0.0,13.33,https://beauty-careplus.com/,2025-12-10 00:52:04,156,102,1,9834.0,4,,,
951,2025-09-25,19:35:35,≪一錠≫で容赦なく全身の脂肪を消滅！「ママ友には秘密にしてるんですけど」と元モデルの主婦が当誌にだけ暴露！,88293,88279,14,11185,0.02,12.67,https://beauty-careplus.com/,2025-12-10 00:52:05,228,152,1,9342.0,8,,,
950,2025-09-25,08:30:36,※注意※※クレーム防止のため、10kg以上痩せたくない方はご使用いただけません！,88303,88301,2,11761,0.0,13.32,https://beauty-careplus.com/,2025-12-10 00:52:05,228,152,1,9342.0,8,,,
949,2025-09-24,19:45:24,お詫び≪クリニックからクレーム発生のため販売中止となりました≫激痩せダイエット点滴錠⇒在庫現品限りです,88317,88308,9,11941,0.01,13.52,https://beauty-careplus.com/,2025-12-10 00:52:06,125,79,0,0.0,4,,,
948,2025-09-24,08:35:24,「モニターなのにこんなに痩せちゃっていいんですか？？」強制痩身剤モニター募集【飲用者で失敗した例は一件もありません】,88323,88320,3,11098,0.0,12.57,https://beauty-careplus.com/,2025-12-10 00:52:06,125,79,0,0.0,4,,,
947,2025-09-23,19:35:12,※医薬品と同等の効果がございます※500時間連続で【脂肪減少を記録】「以前着ていた服がブカブカでもう着れないんですけど…」との声多数,88341,88325,16,11843,0.02,13.41,https://beauty-careplus.com/,2025-12-10 00:52:06,182,132,2,7210.0,8,,,
946,2025-09-23,08:30:12,"「パート仲間に""整形した""って噂を流されちゃって困ってます…」◆体重が1時間に1kg落ちる！？長年蓄えた脂肪があっという間に→",88361,88351,10,11154,0.01,12.62,https://beauty-careplus.com/,2025-12-10 00:52:07,182,132,2,7210.0,8,,,
945,2025-09-22,20:05:58,※注意※※クレーム防止のため、10kg以上痩せたくない方はご使用いただけません！,88376,88363,13,11206,0.01,12.68,https://beauty-careplus.com/,2025-12-10 00:52:07,31,23,0,0.0,3,,,
944,2025-09-22,09:00:58,某事務所社長「ジム通いや食事制限なんてしてないよ」女優やアイドルが【ずっと痩せてる理由】が明らかに！,88389,88377,12,11244,0.01,12.72,https://beauty-careplus.com/,2025-12-10 00:52:08,31,23,0,0.0,3,,,
943,2025-09-21,20:45:49,毎日この『ボディソープ』で身体を洗う…それだけで【全身除毛】！！もちろんアンダーヘアにも対応！※必見※,88407,88394,13,12049,0.01,13.63,https://beauty-careplus.com/,2025-12-10 00:52:09,31,13,0,0.0,1,,,
942,2025-09-21,08:40:49,※お断り※凝り固まった脂肪が「根本から燃焼」62kg⇒48kg■重度肥満者救済用のため飲用注意!!■,88420,88412,8,11844,0.01,13.4,https://beauty-careplus.com/,2025-12-10 00:52:09,31,13,0,0.0,1,,,
941,2025-09-20,19:40:36,北●景子が「育児の合間でも出来るので嬉しい～」とインスタで紹介！全身を≪　完　全　無　毛　化　≫男性の剛毛も「ツルン」と消える！,88434,88422,12,11880,0.01,13.44,https://beauty-careplus.com/,2025-12-10 00:52:09,51,23,0,0.0,2,,,
940,2025-09-20,08:35:36,メスがいらない痩身【部分痩せ、セルライト除去など】あらゆる脂肪が短期間で減少↓↓,88444,88441,3,11881,0.0,13.43,https://beauty-careplus.com/,2025-12-10 00:52:10,51,23,0,0.0,2,,,
939,2025-09-19,19:20:22,薬剤者も驚愕の即効性！『飲んですぐ効く』脂肪を分解して体重がみるみる落ちていき…！？78.3kg⇒53.1kg 【-25.2kg減量】,88458,88449,9,11193,0.01,12.65,https://beauty-careplus.com/,2025-12-10 00:52:10,72,45,0,0.0,8,,,
938,2025-09-19,08:40:21,"【注意喚起】フリマサイトなどで効果のない偽物が""高額""で出回っています→公式商品はこちらから！",88480,88464,16,11227,0.02,12.69,https://beauty-careplus.com/,2025-12-10 00:52:11,72,45,0,0.0,8,,,
937,2025-09-18,19:35:03,『久しぶりに会った息子に「なんか若返った？」と驚かれました』ご近所からもヒソヒソされるAさん…その若返りの秘密がコレ！,88498,88483,15,11267,0.02,12.73,https://beauty-careplus.com/,2025-12-10 00:52:11,79,65,1,3278.0,3,,,
936,2025-09-18,08:35:03,【お知らせ】やはり痩せ過ぎで販売終了が決まりました,87855,87842,13,11929,0.01,13.58,https://beauty-careplus.com/,2025-12-10 00:52:11,79,65,1,3278.0,3,,,
935,2025-09-17,19:10:48,大悟「モデルの子の楽屋にもコレ置いてあったわ！」«リバウンドしないダイエット特集≫放送終了後…問い合わせ殺到！！,87874,87859,15,11325,0.02,12.89,https://beauty-careplus.com/,2025-12-10 00:52:12,103,68,0,0.0,5,,,
934,2025-09-17,08:10:48,≪__c0__様≫多数入荷リクエストいただいていた商品が本日入荷しました,87888,87888,0,12270,0.0,13.96,https://beauty-careplus.com/,2025-12-10 00:52:12,103,68,0,0.0,5,,,
933,2025-09-16,20:00:42,※※衝撃画像注意※※ 日に日に胃が小さくなっていく！【絶対強制減量】でもう痩せるのを止められない…,87905,87894,11,11372,0.01,12.94,https://beauty-careplus.com/,2025-12-10 00:52:12,150,87,1,2131.0,9,,,
932,2025-09-16,08:50:41,【※危険※】毎日浴びている、スマホのブルーライトって…【※危険※】,87921,87916,5,20359,0.01,23.16,https://beauty-careplus.com/,2025-12-10 00:52:13,150,87,1,2131.0,9,,,
931,2025-09-15,20:45:25,●楽天で6ヶ月待ち●中年太りを1発で『なかったこと』にするには！？レモンティーで≫≫マイナス10キロ≪≪,87942,87923,19,11346,0.02,12.9,https://beauty-careplus.com/,2025-12-10 00:52:13,87,76,1,3605.0,8,,,
930,2025-09-15,08:40:24,※厳重注意※太りたくても二度と太らない 体になります！【その覚悟はありますか？】,87954,87948,6,11886,0.01,13.51,https://beauty-careplus.com/,2025-12-10 00:52:14,87,76,1,3605.0,8,,,
929,2025-09-14,20:30:13,◆痩身力No1◆あの話題のレモンティー緊急入荷！本当に痩せるか検証した結果、驚きの結果が…,87989,87969,20,20577,0.02,23.39,https://beauty-careplus.com/,2025-12-10 00:52:14,157,110,1,14750.0,7,,,
928,2025-09-14,08:25:14,「体重計に乗って驚きました…こんなに減るなんて本当に大丈夫ですか？」■注意■体重45kg以下の方はご購入できません,88000,87994,6,11852,0.01,13.47,https://beauty-careplus.com/,2025-12-10 00:52:15,157,110,1,14750.0,7,,,
927,2025-09-13,20:00:06,【激痩錠】4日目から体重が急降下いたします！※病気になったと勘違いして病院に行ってしまう方が多数おられます※,88025,88004,21,11264,0.02,12.8,https://beauty-careplus.com/,2025-12-10 00:52:15,96,62,1,9342.0,11,,,
926,2025-09-13,08:55:05,【話題】飲んだその日から「あれ…？なんかおかしくない…？」52歳の母が困惑◆脂肪を蓄積しなくなる◆,88044,88034,10,11769,0.01,13.37,https://beauty-careplus.com/,2025-12-10 00:52:16,96,62,1,9342.0,11,,,
925,2025-09-12,19:50:56,勤務医「何もしてないのに痩せたんですけど病気ですか？と診療を受けに来る人が多いんです」その減量効果は≪断食以上≫！大量飲用厳重注意！,88061,88046,15,11928,0.02,13.55,https://beauty-careplus.com/,2025-12-10 00:52:16,86,59,0,0.0,9,,,
924,2025-09-12,08:45:56,※※インスタで超話題※※メスがいらない脂肪吸引が炎上中！【部分痩せ、セルライト除去など】あらゆる脂肪が短期間で減少↓↓,88069,88062,7,11799,0.01,13.4,https://beauty-careplus.com/,2025-12-10 00:52:17,86,59,0,0.0,9,,,
923,2025-09-11,20:00:45,■速報■大手芸能事務所の社長が暴露「うちのタレントにはこのお茶を飲んでもらってるよ」限定入荷！,88075,88069,6,11910,0.01,13.52,https://beauty-careplus.com/,2025-12-10 00:52:17,144,105,1,3278.0,8,,,
922,2025-09-11,08:30:43,専門医「アラサー以上の人はこれでガリガリになってます」ウエストから足首、背中までのあらゆる脂肪がなくなってしまう理由→,88082,88078,4,11187,0.0,12.7,https://beauty-careplus.com/,2025-12-10 00:52:18,144,105,1,3278.0,8,,,
921,2025-09-10,19:50:27,有名美容外科医が暴露「痩せたい人は黒茶で1発ですよ」誰も明かさなかった業界の常識ダイエット茶！,88085,88083,2,11954,0.0,13.57,https://beauty-careplus.com/,2025-12-10 00:52:18,0,0,0,0.0,0,,,
920,2025-09-10,08:00:27,下半身が痩せない？11kgに成功した40代ママは「何もせず」痩せてます！,88093,88092,1,11246,0.0,12.77,https://beauty-careplus.com/,2025-12-10 00:52:19,0,0,0,0.0,0,,,
919,2025-09-09,19:05:11,【たった3日でこんなに変わる！】シミ消し洗顔【再入荷】お待たせしました！「ここまでシミが消えるなんて…」,88114,88097,17,11920,0.02,13.53,https://beauty-careplus.com/,2025-12-10 00:52:19,0,0,0,0.0,0,,,
918,2025-09-09,08:00:10,■注意■体質的な肥満であっても ｢飲むだけで体重が落ちる｣事例しか報告されておりません,88121,88114,7,11818,0.01,13.41,https://beauty-careplus.com/,2025-12-10 00:52:19,0,0,0,0.0,0,,,
917,2025-09-08,19:55:54,"『たった3日で肌が真っ白になったんだけど。。。』想定をはるかに超える""効果""がこの洗顔石鹸に！",88133,88122,11,11922,0.01,13.53,https://beauty-careplus.com/,2025-12-10 00:52:20,0,0,0,0.0,0,,,
916,2025-09-08,08:30:54,"【注意喚起】フリマサイトなどで効果のない偽物が""高額""で出回っています→公式商品はこちらから！",88144,88138,6,11860,0.01,13.46,https://beauty-careplus.com/,2025-12-10 00:52:20,0,0,0,0.0,0,,,
913,2025-09-07,20:05:38,「20代に戻ったみたいです」これ一つでシミシワを改善！マイナス20歳肌になれる方法,88162,88148,14,11939,0.02,13.54,https://beauty-careplus.com/,2025-12-10 00:52:21,0,0,0,0.0,0,,,
914,2025-09-07,08:50:37,全身を≪　完　全　無　毛　化　≫男性の剛毛も「ツルン」と消える！北●景子がインスタで紹介！,88176,88166,10,11382,0.01,12.91,https://beauty-careplus.com/,2025-12-10 00:52:21,0,0,0,0.0,0,,,
915,2025-09-06,20:20:21,「ドラストの行列すごすぎて買えなかったんだけど！」「いつ入荷するんですか！？」クレーム多発！◆シミ消滅美白クリーム◆,88190,88179,11,11381,0.01,12.91,https://beauty-careplus.com/,2025-12-10 00:52:22,0,0,0,0.0,0,,,
912,2025-09-06,08:50:21,脱毛が『痛い』『高い』はもう古い！続けられる、セルフ脱毛で★全身脱毛級★のツルツル肌になりました,88201,88194,7,11256,0.01,12.76,https://beauty-careplus.com/,2025-12-10 00:52:22,0,0,0,0.0,0,,,
911,2025-09-05,19:40:07,お詫び≪クリニックからクレーム発生のため販売中止となりました≫激痩せダイエット点滴錠⇒在庫現品限りです,88215,88205,10,12775,0.01,14.48,https://beauty-careplus.com/,2025-12-10 00:52:23,0,0,0,0.0,0,,,
910,2025-09-05,08:05:07,厚化粧もコンシーラーも、もういらない！【これ1本でニキビ跡やシミ、ブツブツ毛穴が消える】,88230,88224,6,11877,0.01,13.46,https://beauty-careplus.com/,2025-12-10 00:52:23,0,0,0,0.0,0,,,
909,2025-09-04,19:30:50,『久しぶりに会った息子に「なんか若返った？」と驚かれました』ご近所からもヒソヒソされるAさん…その若返りの秘密がコレ！,88246,88232,14,11966,0.02,13.56,https://beauty-careplus.com/,2025-12-10 00:52:24,0,0,0,0.0,0,,,
904,2025-09-04,08:20:50,※警告※「全然太れないんですけど！？」と苦情が殺到！毎週10kg以上体重が落ち、3週間で【-35.6kgを記録】アラフォー主婦の実話,88259,88257,2,11857,0.0,13.43,https://beauty-careplus.com/,2025-12-10 00:52:24,0,0,0,0.0,0,,,
902,2025-09-03,19:10:38,◆速報◆インスタの女王が『激ヤセ』した理由がここで明らかに！【このメールが届いている方限定となります】,88277,88262,15,11290,0.02,12.79,https://beauty-careplus.com/,2025-12-10 00:52:25,0,0,0,0.0,0,,,
903,2025-09-03,08:15:38,【激痩錠】4日目から体重が急降下いたします！※病気になったと勘違いして病院に行ってしまう方が多数おられます※,88284,88281,3,11349,0.0,12.86,https://beauty-careplus.com/,2025-12-10 00:52:25,0,0,0,0.0,0,,,
901,2025-09-02,19:06:00,※まもなく完売※　30代、40代の女性でも衝撃の-30kg達成中！中年太りをなかったことに！,88299,88289,10,11369,0.01,12.88,https://beauty-careplus.com/,2025-12-10 00:52:25,0,0,0,0.0,0,,,
900,2025-09-02,08:10:58,“食べる輸血錠”73.3kg⇒48.3kg▼基礎代謝率がUP▲みるみる痩せる！食べる輸血で[翌朝-2kg]！,88310,88309,1,12039,0.0,13.63,https://beauty-careplus.com/,2025-12-10 00:52:26,0,0,0,0.0,0,,,
908,2025-09-01,19:00:55,楽●公式サイトで販売開始後【数分で完売しました】糖質＆アブラを吸収して≪マイナス18キロ減を記録≫,88342,88311,31,11442,0.04,12.96,https://beauty-careplus.com/,2025-12-10 00:52:28,0,0,0,0.0,0,,,
899,2025-09-01,08:40:48,くも膜下出血、脳卒中、脳梗塞…40代50代から一気に増えるリスクを抑えるこの1粒！,88368,88351,17,11390,0.02,12.89,,2025-12-10 00:52:28,0,0,0,0.0,0,,,
907,2025-08-31,20:40:31,【極秘情報】製薬会社が開発した「体重を減らす専用の錠剤」入荷！薬剤師「体重が50kg以上の人じゃないとお勧めできない」,88412,88373,39,11381,0.04,12.88,https://beauty-careplus.com/,2025-12-10 00:52:29,0,0,0,0.0,0,,,
906,2025-08-31,08:50:31,毎日この『ボディソープ』で身体を洗う…それだけで【全身除毛】！！もちろんアンダーヘアにも対応！※必見※,88425,88419,6,11910,0.01,13.47,https://beauty-careplus.com/,2025-12-10 00:52:29,0,0,0,0.0,0,,,
894,2025-08-30,20:30:14,「やばい！YouTube炎上した！」アカウント停止措置になる大炎上へ！レモンティーの激痩せ効果がヤバすぎた件,88444,88428,16,11325,0.02,12.81,https://beauty-careplus.com/,2025-12-10 00:52:30,0,0,0,0.0,0,,,
905,2025-08-30,08:30:14,医療脱毛サロンのオーナー「毛深い人は全員やって」頑固なムダ毛を一掃！男性の剛毛すら”なかったこと”に！,88456,88452,4,11826,0.0,13.37,https://beauty-careplus.com/,2025-12-10 00:52:30,0,0,0,0.0,0,,,
893,2025-08-29,19:30:57,レモンティーを飲んで15分→驚くほど、ドドドっ!!!糖尿病専門医もオススメする≪体重減少レモン紅茶≫飲み過ぎ注意!!,88483,88465,18,20343,0.02,23.0,https://beauty-careplus.com/,2025-12-10 00:52:31,0,0,0,0.0,0,,,
892,2025-08-29,08:15:58,※※衝撃画像注意※※ 日に日に胃が小さくなっていく！【絶対強制減量】でもう痩せるのを止められない…,88493,88490,3,12622,0.0,14.26,https://beauty-careplus.com/,2025-12-10 00:52:31,0,0,0,0.0,0,,,
891,2025-08-28,19:45:47,>>>警告<<<『もしかして、拒食症…？』『完全に別人なんだけど』 ガリガリに痩せてそんな噂を立てられる恐れがあります,88515,88497,18,11236,0.02,12.7,https://beauty-careplus.com/,2025-12-10 00:52:32,0,0,0,0.0,0,,,
890,2025-08-28,08:30:47,「痩せたくて飲みすぎちゃって…」ドクターストップがかかるほどの【恐ろしい効果】30kg以上体重が落ちてしまうケースが多発しています,88523,88519,4,11877,0.0,13.42,https://beauty-careplus.com/,2025-12-10 00:52:32,0,0,0,0.0,0,,,
889,2025-08-27,19:30:37,「3段腹がなくなるなんて…！」と驚きの声多数！脂肪燃焼！みるみる脚の脂肪が減っていく！,88533,88527,6,11239,0.01,12.7,https://beauty-careplus.com/,2025-12-10 00:52:33,0,0,0,0.0,0,,,
888,2025-08-27,08:30:40,"◆週刊誌◆体重""113kg""の40代主婦が、50kg以上痩せたのは毎日2錠の『コレ』だった！",88550,88540,10,11210,0.01,12.66,https://beauty-careplus.com/,2025-12-10 00:52:33,0,0,0,0.0,0,,,
886,2025-08-26,19:40:52,■ブルーライトの恐ろしさ■あなたの肌は大丈夫？【注意】油断していると大変な事になります！,88591,88553,38,12063,0.04,13.62,https://beauty-careplus.com/;https://bit.ly/3UzT8LA,2025-12-10 00:52:34,0,0,0,0.0,0,,,
887,2025-08-26,08:30:53,◆※__c0__様へ当選のお知らせ※◆おめでとうございます！,88604,88599,5,11488,0.01,12.97,https://beauty-careplus.com/,2025-12-10 00:52:34,0,0,0,0.0,0,,,
884,2025-08-25,19:20:38,【※危険※】ブルーライトの恐怖…【※危険※】,88613,88607,6,11947,0.01,13.48,https://beauty-careplus.com/,2025-12-10 00:52:35,0,0,0,0.0,0,,,
882,2025-08-25,08:00:39,脂肪燃焼！みるみる脂肪が減っていく！「3段腹がなくなるなんて…！」と驚きの声多数！＼有名人続々愛用／,88620,88615,5,11226,0.01,12.67,https://beauty-careplus.com/,2025-12-10 00:52:35,0,0,0,0.0,0,,,
881,2025-08-24,20:05:23,「脱毛したいけどお金がない…」「サロンに行くのが面倒でやめた」→毎日の石鹸を変えるだけで、全身除毛ができるんです！,88650,88625,25,11908,0.03,13.44,https://beauty-careplus.com/,2025-12-10 00:52:36,0,0,0,0.0,0,,,
880,2025-08-24,08:45:22,現在メ●カリやオークションで値段高騰中！詐欺にもご注意ください！≪公式サイトで定価で購入できるのは今だけです≫数量少なくなっております！,88663,88658,5,11883,0.01,13.4,https://beauty-careplus.com/,2025-12-10 00:52:36,0,0,0,0.0,0,,,
879,2025-08-23,20:25:14,≪重度の剛毛≫も1mm残らず◆完全消滅◆ボツボツ毛穴や剃り残しとは、永遠にお別れ！,88679,88666,13,11872,0.01,13.39,https://beauty-careplus.com/,2025-12-10 00:52:37,0,0,0,0.0,0,,,
878,2025-08-23,08:50:15,◆摂取カロリー強制排除粒◆絶食すると痩せるなら、食べたものをなかったことに！,88696,88684,12,11107,0.01,12.52,https://beauty-careplus.com/,2025-12-10 00:52:37,0,0,0,0.0,0,,,
877,2025-08-22,19:50:05,某事務所社長「みんなジム通いやダイエットなんてしてないよ」女優やアイドルが【出産後に体型が崩れない理由】が明らかに！,88701,88699,2,11807,0.0,13.31,https://beauty-careplus.com/,2025-12-10 00:52:38,0,0,0,0.0,0,,,
876,2025-08-22,08:15:05,«リバウンドしないダイエット特集≫放送終了後…問い合わせ殺到！！坂上「モデルの子の楽屋にもコレ置いてあったわ！」,88705,88704,1,11777,0.0,13.28,https://beauty-careplus.com/,2025-12-10 00:52:38,0,0,0,0.0,0,,,
883,2025-08-21,19:10:50,スマホを見ているだけで日焼けするのをご存じですか？■ブルーライト焼けをブロック！シミを消す美容ジェルが登場！■,88712,88706,6,11887,0.01,13.4,https://beauty-careplus.com/,2025-12-10 00:52:38,0,0,0,0.0,0,,,
874,2025-08-21,08:40:49,『飲んだ日の夜に1キロやせた！』『食べる量減りました』『食べても体重増えない！』→気づいたらマイナス7キロ！,88726,88717,9,11883,0.01,13.39,https://beauty-careplus.com/,2025-12-10 00:52:39,0,0,0,0.0,0,,,
875,2025-08-20,19:40:39,再入荷≪少数のみ販売再開≫「黒茶」を摂取するだけで【脂肪を排出】60kgの主婦が激やせ→,88750,88732,18,11827,0.02,13.33,https://beauty-careplus.com/,2025-12-10 00:52:39,0,0,0,0.0,0,,,
872,2025-08-20,08:10:38,80％以上が【痩せ過ぎ】と診断され飲用中止！【痩身ヨーグルト】で『あばら骨が浮いてきた！どうしよう！』と悲鳴も,88759,88753,6,11805,0.01,13.3,https://beauty-careplus.com/,2025-12-10 00:52:40,0,0,0,0.0,0,,,
871,2025-08-19,19:35:31,再入荷しました→◆“ドス黒い”痩身茶◆毎日のお茶を変えるだけで【脂肪を溶かし尽くす】,88776,88766,10,11822,0.01,13.32,https://beauty-careplus.com/,2025-12-10 00:52:40,0,0,0,0.0,0,,,
870,2025-08-19,08:00:32,大学教授「アラサー以上の人はこれでガリガリになれますね」ウエストから足首、背中までのあらゆる脂肪がなくなってしまう理由→,88782,88779,3,11255,0.0,12.68,https://beauty-careplus.com/,2025-12-10 00:52:40,0,0,0,0.0,0,,,
869,2025-08-18,19:15:22,"""	【警告】周囲の人たちから『整形だ』と疑いの目を向けられてしまう可能性があります""",88798,88789,9,11931,0.01,13.44,https://beauty-careplus.com/,2025-12-10 00:52:41,0,0,0,0.0,0,,,
868,2025-08-18,08:10:23,再入荷 ◆__c0__様◆超短期ダイエットがSNS話題沸騰中！在庫残り僅かになります,88828,88811,17,11313,0.02,12.74,https://beauty-careplus.com/,2025-12-10 00:52:41,0,0,0,0.0,0,,,
866,2025-08-17,20:45:06,★現在SNS中心に大バズり中★皮膚科の開業医が教える【自宅で自分のシミをキレイに剥がす方法】,88847,88831,16,11896,0.02,13.39,https://beauty-careplus.com/,2025-12-10 00:52:42,0,0,0,0.0,0,,,
865,2025-08-17,08:15:06,美容外科「体重が50キロ以上ある人は、手術よりこっちの方がいいよ」30日で10キロ落ちる！ほぼ全員が成功しているワケは…,88874,88856,18,11219,0.02,12.63,https://beauty-careplus.com/,2025-12-10 00:52:42,0,0,0,0.0,0,,,
863,2025-08-16,20:20:56,※お断り※凝り固まった脂肪が「根本から燃焼」62kg⇒48kg■重度肥満者救済用のため飲用注意!!■,88887,88877,10,11889,0.01,13.38,https://beauty-careplus.com/,2025-12-10 00:52:43,0,0,0,0.0,0,,,
864,2025-08-16,08:05:56,≪一錠≫で容赦なく全身の脂肪を消滅！「ママ友には秘密にしてるんですけど」と元モデルの主婦が当誌にだけ暴露！,88899,88894,5,11179,0.01,12.58,https://beauty-careplus.com/,2025-12-10 00:52:43,0,0,0,0.0,0,,,
862,2025-08-15,20:00:43,"■※体重管理不足で""痩せすぎる""ケースが多発しています※■食べても食べても、細い身体のまま！",88910,88902,8,11908,0.01,13.39,https://beauty-careplus.com/,2025-12-10 00:52:43,0,0,0,0.0,0,,,
859,2025-08-15,09:10:18,本当にすみません‥,88927,88922,5,12253,0.01,13.78,https://beauty-careplus.com/,2025-12-10 00:52:44,0,0,0,0.0,0,,,
858,2025-08-14,20:25:09,【緊急】医療脱毛を超えた、毛根除毛アイテムが売切れ寸前！製造が間に合いません！,88939,88930,9,11250,0.01,12.65,https://beauty-careplus.com/,2025-12-10 00:52:44,0,0,0,0.0,0,,,
857,2025-08-14,08:20:09,【たった3日でこんなに変わる！】瞬間シミ消しクリーム【再入荷】お待たせしました！「ここまでシミが消えるなんて…」,88948,88946,2,11220,0.0,12.61,https://beauty-careplus.com/,2025-12-10 00:52:45,0,0,0,0.0,0,,,
856,2025-08-13,20:05:56,【令和の最新即除毛】ムダ毛処理の技術はここまで来ました！男性の剛毛をツルツルに！さらには美白効果でスベスベ陶器肌→,88963,88951,12,11213,0.01,12.61,https://beauty-careplus.com/,2025-12-10 00:52:45,0,0,0,0.0,0,,,
855,2025-08-13,08:40:56,"クレンジングを変えるだけで…想定を超える""極上美肌へ""『たった3日で肌が真っ白になったんだけど。。。』",88974,88974,0,11846,0.0,13.31,https://beauty-careplus.com/,2025-12-10 00:52:46,0,0,0,0.0,0,,,
854,2025-08-12,19:30:40,【■カロリー帳消し■】寝ているだけで…こんなに痩せることある！？【炭水化物】【脂肪】【糖分】を体内に排出！,88988,88975,13,11174,0.01,12.56,https://beauty-careplus.com/,2025-12-10 00:52:46,0,0,0,0.0,0,,,
852,2025-08-12,08:10:40,※まもなく完売※　30代、40代の女性でも衝撃の-30kg達成中！中年太りをなかったことに！,88995,88994,1,12573,0.0,14.13,https://beauty-careplus.com/,2025-12-10 00:52:46,0,0,0,0.0,0,,,
853,2025-08-11,20:15:27,■注意■体質的な肥満であっても ｢飲むだけで体重が落ちる｣事例しか報告されておりません,89012,89000,12,11864,0.01,13.33,https://beauty-careplus.com/,2025-12-10 00:52:47,0,0,0,0.0,0,,,
851,2025-08-11,08:25:27,50代主婦がどれだけ食べても太らない理由！「ママ友たちには教えてないです」これが≪切らない脂肪吸引≫,89022,89021,1,13318,0.0,14.96,https://beauty-careplus.com/,2025-12-10 00:52:47,0,0,0,0.0,0,,,
850,2025-08-10,20:45:09,【__c0__様へ当選のご案内】ご当選番号のお知らせになります。必ずご確認ください。,89043,89028,15,11910,0.02,13.38,https://beauty-careplus.com/,2025-12-10 00:52:48,0,0,0,0.0,0,,,
861,2025-08-10,09:00:10,【何をしても痩せなかった50代主婦が…】金スマで話題沸騰！医者も実践する≪通常の30倍もの燃焼＆代謝≫,89056,89052,4,11184,0.0,12.56,https://beauty-careplus.com/,2025-12-10 00:52:48,0,0,0,0.0,0,,,
848,2025-08-09,20:15:57,【__c0__様へ当選のご案内】ご当選番号のお知らせになります。必ずご確認ください。,89069,89063,6,11876,0.01,13.33,https://beauty-careplus.com/,2025-12-10 00:52:49,0,0,0,0.0,0,,,
860,2025-08-09,08:50:57,●現在メーカー品切れ中●現品限りとなります→『食べても太らない身体』に！体重は一気に10kg以上ダウン！,89076,89074,2,11136,0.0,12.5,https://beauty-careplus.com/,2025-12-10 00:52:49,0,0,0,0.0,0,,,
846,2025-08-08,19:40:14,中年太りの3段腹が、なんとマイナス28.4cm！「もう絶対に痩せないと思ってました」アラフォー主婦が別人級に！→ビフォアー＆アフター画像有,89086,89081,5,11929,0.01,13.39,https://beauty-careplus.com/,2025-12-10 00:52:50,0,0,0,0.0,0,,,
845,2025-08-08,08:40:14,【極秘情報】製薬会社が開発した「体重を減らす専用の錠剤」入荷！薬剤師「体重が50kg以上の人じゃないと効果が強いので危険です」,89094,89090,4,11188,0.0,12.56,https://beauty-careplus.com/,2025-12-10 00:52:50,0,0,0,0.0,0,,,
844,2025-08-07,19:30:57,▼体重50kg以下の方は使用禁止です▼【飲んで5分で実感】翌日にはマイナス3kg！,89101,89094,7,11152,0.01,12.52,https://beauty-careplus.com/,2025-12-10 00:52:51,0,0,0,0.0,0,,,
843,2025-08-07,08:20:56,こんなに急に細くなるなんて思わず、ちょっと怖くなりました（45歳・主婦）コレが中年太りの女性が減少している理由！→,89110,89107,3,11957,0.0,13.42,https://beauty-careplus.com/,2025-12-10 00:52:51,0,0,0,0.0,0,,,
842,2025-08-06,19:35:47,大学教授「アラサー以上の人はこれでガリガリになれますね」ウエストから足首、背中までのあらゆる脂肪がなくなってしまう理由→,89119,89114,5,11261,0.01,12.64,https://beauty-careplus.com/,2025-12-10 00:52:51,0,0,0,0.0,0,,,
841,2025-08-06,08:15:47,金スマで話題沸騰！医者も実践する≪通常の30倍もの燃焼＆代謝≫で★10日で-20Kg減★,89127,89124,3,12711,0.0,14.26,https://beauty-careplus.com/,2025-12-10 00:52:52,0,0,0,0.0,0,,,
840,2025-08-05,19:10:34,医師の妻「全身の脂肪を落としたいのならこれ」80キロの更年期の主婦が、48キロのモデル体型に！運動せず40歳でも痩せた理由とは…,89144,89133,11,11221,0.01,12.59,https://beauty-careplus.com/,2025-12-10 00:52:52,0,0,0,0.0,0,,,
839,2025-08-05,08:35:34,■カート内売り切れアラート■【10月24日19時現在】残り17個となりました,89155,89153,2,11868,0.0,13.31,https://beauty-careplus.com/,2025-12-10 00:52:53,0,0,0,0.0,0,,,
838,2025-08-04,19:20:25,"5万人もの方が始めた【本気の肌改善】薬用シワ改善美容""原液""で、10代のハリツヤが帰ってくる！",89196,89159,37,19243,0.04,21.58,,2025-12-10 00:52:53,0,0,0,0.0,0,,,
837,2025-08-04,08:15:25,ほぼ10割が「本当に消えた」皮膚科医が暴露したシミ消し法が公開！→毎日塗って寝ただけで、3日後には…,89205,89203,2,11931,0.0,13.38,https://beauty-careplus.com/,2025-12-10 00:52:53,0,0,0,0.0,0,,,
